id,name,centralized,trade_volume_24h_btc_normalized
10kswap-starknet-alpha,10KSwap,0,0.423299753984128
1bch,1BCH,0,0.0
3xcalibur,3xcalibur,0,0.0
9inch,9inch,0,8.700214914995742
aave,Aave,0,0.0
aboard-exchange,Aboard Exchange,0,0.0
abstradex,AbstraDEX,0,0.0
abstradex-x-layer,Abstradex (X Layer),0,0.015981625450988
acala_swap,Acala Swap,0,2.3119127398670147
acdx,ACDX,1,4.164949161705487
ace,Ace,1,39.82251966224848
acsi_finance,Acsi Finance,0,0.0091104653491796
aerodrome-base,Aerodrome (Base),0,1857.7919751665625
aerodrome-slipstream,Aerodrome SlipStream,0,2047.6493165654751
aevo,Aevo,0,0.0
aftermath_finance,Aftermath Finance,0,16.770911056698925
agni-finance,Agni Finance,0,24.64275829406295
agora_swap,Agora Swap,0,0.0
aktionariat-ethereum,Aktionariat (Ethereum),0,0.0074034973585384
alcor,Alcor,0,1.5380395283466926
alexgo,ALEX,0,4.127705110472864
algebra_finance,Algebra finance,0,0.0
alien-base,Alien Base,0,2.1266095045961237
alienfi,AlienFi,0,0.0
allinxswap-opbnb,AllInXSwap (opBnb),0,0.0
altcointrader,AltcoinTrader,1,19.788993404575272
alterdice,AlterDice,1,12.68796987135886
amaterasu,Amaterasu Finance,0,0.0003933211176139
animeswap,Animeswap,0,0.0045688668385614
antfarm-avalanche,Antfarm (Avalanche),0,0.0160228056811139
antfarm-ethereum,Antfarm (Ethereum) ,0,0.0166347859014874
apertureswap,ApertureSwap,0,3.7007600342638023
apeswap-arbitrum,Apeswap (Arbitrum),0,0.0021797598023793
apeswap_bsc,ApeSwap,0,4.71358905138056
apeswap_polygon,ApeSwap (Polygon),0,0.8033635353889573
apeswap_telos,Apeswap (Telos),0,0.0010094994942089
apex_pro,ApeX Pro,0,406.30491141466945
aprobit,Aprobit,1,0.0080716408066898
aqx,AQX,1,0.0
aqx_derivatives,Flipster,1,0.0
arbidex,Arbidex,0,0.009282319302169
arbswap_arbitrum_one,Arbswap,0,0.0897830921891044
archerswap,Archerswap,0,0.3919582269402291
armada,Armada,0,35.88413129371795
arthswap,ArthSwap,0,1.0092279545554146
arthswap-astar-zkevm,ArthSwap (Astar zkEVM),0,0.0201002764101402
ashswap,Ashswap,0,0.4411412617899584
astroport_injective,Astroport (Injective),0,0.3375639087587224
astroport_neutron,Astroport (Neutron),0,23.919216871412807
astroport_osmosis,Astroport (Osmosis),0,0.4648186994507891
astroport-sei,Astroport (Sei),0,0.2478297323905938
astroport_v2,Astroport V2,0,0.0
astrovault,Astrovault,0,3.265363567114782
auroraswap,AuroraSwap,0,0.0
autoshark_finance,AutoShark Finance,0,0.0116585042824438
aux,AUX Exchange,0,0.0074239799603101
ayin,AYIN,0,4.243465592301887
azbit,Azbit,1,3213.7358128723113
babydogeswap,BabyDogeSwap,0,5.272801499357064
babyswap,BabySwap,0,0.7041276383351088
backpack_exchange,Backpack Exchange ,1,239.50030919425183
baguette,Baguette,0,0.0
bakeryswap,Bakeryswap,0,0.7635921898085787
bakeryswap-base,BakerySwap (Base),0,0.0
balanced_network,Balanced,0,0.4894612748686989
balancer,Balancer V2,0,763.8280913989972
balancer_arbitrum,Balancer V2 (Arbitrum),0,0.0
balancer-gnosis,Balancer V2 (Gnosis),0,103.00813693929418
balancer_polygon,Balancer V2 (Polygon),0,0.0
balancer_v1,Balancer V1,0,0.0
balancer-v2-avalanche,Balancer V2 (Avalanche),0,7.605289134563247
balancer-v2-base,Balancer V2 (Base),0,13.55146833596314
balancer-v2-polygon-zkevm,Balancer V2 (Polygon zkEVM) ,0,0.0
bancor,Bancor (V2),0,0.0
bancor_v3,Bancor (V3),0,3.0056245810810127
baptswap,BAPTSwap,0,0.0056182366027988
baryon_network,Baryon Network,0,0.0014510346460736
baryon-network-viction,BaryonSwap (Viction),0,0.0180355611909159
baseswap,BaseSwap,0,0.0
baseswap-v3,BaseSwap V3,0,12.106700390771035
basex,BaseX,0,0.3268941313905058
basin,Basin,0,0.0
baso-finance,Baso Finance,0,0.0004769602251637
bcex,BCEX,1,0.0
beamswap,Beamswap,0,0.2373232830353564
beam-swap,Beam Swap,0,3.6770778005641365
beethovenx,Beethoven X,0,2.4995973961261764
beethoven_x_optimism,Beethoven X (Optimism),0,0.0
benswap_smart_bitcoin_cash,Benswap,0,0.0039366700649362
bevmswap,BEVMSwap,0,0.0528461151584292
bibox,Bibox,1,29.30766280594739
bibox_futures,Bibox (Futures),1,0.0
biconomy,Biconomy,1,10437.8584976838
bifrost_swap,Bifrost Swap,0,1.3649778995565884
bigone,BigONE,1,10359.604696253118
bigone_futures,BigONE Futures,1,0.0
bilaxy,Bilaxy,1,87.23321238428983
binance,Binance,1,111988.50320759317
binance_dex,Binance DEX,0,0.0
binance_dex_mini,Binance DEX (Mini),0,0.0
binance_futures,Binance (Futures),1,0.0
binance_us,Binance US,1,108.06089801097681
binaryswap,BinarySwap,0,0.002914800128639
bingx,BingX,1,4900.456710295451
bingx_futures,BingX (Futures),1,0.0
birake,Birake,1,0.00386113
bishang,Bishang,1,0.0
bisq,Bisq,0,5.895815469712436
biswap,Biswap,0,8.440585548583213
biswap-v3-1,Biswap V3,0,28.869639644343245
bit2c,Bit2c,1,0.4249885934127416
bit2me,Bit2Me,1,762.4283813606563
bitazza,Bitazza,1,374.7650183672884
bitbank,Bitbank,1,358.0322465186022
bitbay,zondacrypto,1,28.863959674634973
bitbegin,Bitbegin,1,0.0
bitbns,BitBNS,1,25.117674047734123
bitcastle,bitcastle,1,198.1606587613573
bitci,Bitci TR,1,1325.8793342294728
bitcoin_com,FMFW.io,1,480.48678792341633
bitcointry_exchange,Bitcointry,1,125.62559371892264
bit_com,BIT,1,54.81257673952336
bitdelta,BitDelta,1,703.0492123079123
bitdex,Bitdex,0,0.0001671465964968
bitexbook,BITEXBOOK,1,0.0097879341091312
bitexen,Bitexen,1,95.7989578622238
bitexlive,Bitexlive,1,67.46465660989908
bitfinex,Bitfinex,1,1657.0430544374026
bitfinex_futures,Bitfinex (Futures),1,0.0
bitflyer,bitFlyer,1,1195.1007782452866
bitflyer_futures,Bitflyer (Futures),1,0.0
bitgenie-merlin-chain,BitGenie,0,0.0
bitget,Bitget,1,24186.348930049386
bitget_futures,Bitget Futures,1,0.0
bithash,BitHash,1,0.0
bithumb,Bithumb,1,5951.144959272794
bitker,BITKER,1,0.2341395302230823
bitkub,Bitkub,1,318.10684094128413
bitlo,Bitlo,1,20.595594277821306
bitmake,BitMake,1,0.0
bitmake_futures,BitMake Futures,1,0.0
bitmart,BitMart,1,12032.677528507631
bitmart_futures,Bitmart Futures,1,0.0
bitmax,AscendEX (BitMax),1,8889.799429223996
bitmax_futures,AscendEX  (BitMax) (Futures),1,0.0
bitmex,BitMEX (Derivative),1,0.0
bitmex_spot,BitMEX,1,3.7692570894846877
bitonbay,BitOnBay,1,2.5396448314708056
bitopro,BitoPro,1,176.4481599250456
bitpanda,One Trading,1,12.31462321879023
bitrue,Bitrue,1,8425.934838898755
bitrue_futures,Bitrue (Futures),1,0.0
bitso,Bitso,1,696.5485989045078
bitstamp,Bitstamp,1,1647.092978926755
bitsten,Bitsten,1,2.577243880119768
bitstorage,BitStorage,1,48.59589795233688
bitswap,BitSwap,0,0.0016970264147311
bitswap-v2-bouncebit,BitSwap V2 (BounceBit),0,0.1805639204782231
bitswap-v3-bouncebit,BitSwap V3 (BounceBit) ,0,1.2291122777928645
bittime,Bittime,1,17.74445214441532
bittrex,Bittrex Global,1,0.0
bitunix,Bitunix,1,5783.591668695313
bitunix_futures,Bitunix Futures,1,0.0
bitvavo,Bitvavo,1,2196.6363239762513
bitvenus,BitVenus Futures,1,0.0
bitvenus_spot,BitVenus,1,10013.506814766533
bladeswap,BladeSwap,0,1.6980845213295277
bladeswap-volatile-pools-blast,BladeSwap (Volatile Pools),0,0.0
blastdex,BlastDEX,0,0.0
blasterswap,BlasterSwap,0,3.4828093561738545
blasterswap-v3,Blasterswap V3,0,0.0
blazeswap,Blazeswap (Songbird),0,0.0001738830407471
blazeswap-flare,BlazeSwap (Flare) ,0,1.1365166977981738
blitz,Blitz,0,0.0
blockchain_com,Blockchain.com,1,4.934279339549014
blofin,BloFin (Futures),1,0.0
blofin_spot,BloFin,1,0.0
blokmy,Blokmy,1,0.0
bluelotusdao,BlueLotusDAO,0,0.0
bluemove,BlueMove,0,0.0325630080765332
blueprint,Blueprint,0,0.0
blueshift,Blueshift,0,0.0
bobswap_polygon,BobSwap (Polygon),0,0.0
bossswap,BossSwap,0,0.0001231468060253
btc_alpha,BTC-Alpha,1,100.89533800182403
btcbox,BTCBOX,1,22.41757823311074
btcc,BTCC,1,5.132270140583331
btcmarkets,BTCMarkets,1,66.16975419727659
btc_trade_ua,BTC Trade UA,1,0.0382576978762047
btcturk,BtcTurk | Kripto,1,1117.7940806186562
btse,BTSE,1,2507.821544867823
btse_futures,BTSE (Futures),1,0.0
bullish_com,Bullish,1,525.2159834343543
bunnyswap,BunnySwap,0,5.937477235993159
butter-xyz,Butter.xyz,0,0.1314253362608036
buyucoin,BuyUcoin,1,0.0
bw,BWFX.pro,1,0.0
bybit,Bybit (Futures),1,0.0
bybit_spot,Bybit,1,52033.3182981557
bydfi,BYDFi,1,1290.2856590145127
bydfi-futures,BYDFi (Futures),0,0.0
byte-exchange,Byte Exchange,1,1.8167176688112154
camelot,Camelot,0,37.94497470282063
camelot-sanko,Camelot (Sanko),0,0.159620916944747
camelot-v3,Camelot V3,0,565.4162026307584
canto_dex,Canto Dex,0,44.24866894230969
cantoswap,Cantoswap,0,0.0
capricorn,Capricorn,0,0.0
carbon,Carbon,0,0.7909111148330618
catex,Catex,1,25.22041640512428
caviarnine,CaviarNine,0,1.4062070390020571
cellana-finance,Cellana Finance,0,314.4523442697893
cetoswap,Cetoswap (Manta Pacific),0,0.1121174490183679
cetus,Cetus,0,329.0937035810301
cex,CEX.IO,1,116.31541833369721
chainex,ChainEX,1,0.0224081159612935
changelly,Changelly PRO,1,17.23232761488569
cherryswap,CherrySwap,0,0.0
chiliz,ChilizX,1,0.0
chronos,Chronos,0,0.0248063913261814
citadelswap,CitadelSwap,0,0.0471057869381391
citex,CITEX,1,3555.485673582469
claimswap,Claimswap,0,0.0513704830582642
cleopatra-exchange,Cleopatra Exchange,0,0.0
clipper-arbitrum,Clipper (Arbitrum),0,1.4997200694886015
clipper_ethereum,Clipper (Ethereum),0,7.160909719961426
clipper_optimism,Clipper (Optimism),0,0.9700445299582717
clipper_polygon,Clipper (Polygon),0,0.1618018657173862
clone,Clone,0,1.478927769056356
cme_futures,CME Group,1,0.0
coinbase_international,Coinbase International Exchange,1,23.721581602163383
coinbase_international_derivatives,Coinbase International Exchange (Derivatives),1,0.0
coincall,Coincall,1,0.0
coincatch,CoinCatch,1,71.35444909740082
coincatch_derivatives,CoinCatch Derivatives,1,0.0
coincheck,Coincheck,1,990.7105849490606
coindcx,CoinDCX,1,20.695545392881435
coinex,CoinEx,1,849.3623667462679
coinex_futures,CoinEx (Futures),1,0.0
coinjar,CoinJar Exchange,1,36.15490000179697
coinlist,Coinlist,1,4.79294378312564
coin_metro,Coinmetro,1,16.342647772651826
coinone,Coinone,1,335.00502140659995
coinsbit,Coinsbit,1,174.39976906287913
coinspro,Coins.ph,1,175.01674736849512
coinstore,Coinstore,1,2779.108045173048
coinswap,CoinSwap,0,0.0354037465584744
cointr,CoinTR Pro,1,6274.598166359572
cointr_derivatives,CoinTR Pro (Derivatives),1,0.0
coinw,CoinW,1,13204.636126809943
coinw_futures,CoinW (Futures),1,0.0
coinzoom,Coinzoom,1,7.812849880525845
comethswap,ComethSwap,0,0.1564638889609836
concave,Concave,0,0.0
convergence-finance-v2,Convergence Finance,0,0.0
c_patex,C-Patex,1,1275.2349519072322
crema_finance,Crema Finance,0,0.5814517381829135
crescent,Crescent,0,0.0004201428560598
crodex,Crodex,0,0.0492538791657803
cronaswap,Cronaswap,0,0.0578223272415027
cronus_finance,Cronus Finance,0,0.0
croswap,CroSwap,0,0.0
crowdswap-polygon,CrowdSwap (Polygon),0,0.2507265718731058
cryptal,Cryptal,1,15.519643838074362
crypto_com,Crypto.com Exchange,1,7646.221149445569
crypto_com_futures,Crypto.com Exchange (Futures),1,0.0
cryptology,Cryptology,1,679.8480776356462
cswap,cSwap,0,0.045511761420175
cube,Cube,1,270.2876926246231
cubiswap,CUBISwap,0,0.0057762264987733
currency,Currency.com,1,15.082345651231401
curve_arbitrum,Curve (Arbitrum),0,12.007768900345814
curve_avalanche,Curve (Avalanche),0,0.7998343076233762
curve-base,Curve (Base),0,0.0
curve-bsc,Curve (BSC),0,1.9465941714369877
curve-celo,Curve (Celo),0,0.0
curve_ethereum,Curve (Ethereum),0,444.6292588459676
curve_fantom,Curve (Fantom),0,0.3452276285041068
curve-fraxtal,Curve (Fraxtal),0,0.0
curve_moonbeam,Curve (Moonbeam),0,0.0
curve_optimism,Curve (Optimism),0,14.25818212826217
curve_polygon,Curve (Polygon),0,1.4868714692998661
curve_xdai,Curve (Xdai),0,0.0
cyberblast-v2,Cyberblast V2,0,0.0
cyberblast-v3,Cyberblast V3,0,0.0
dackieswap,DackieSwap V3,0,14.52860934552657
dackieswap-v2,DackieSwap V2,0,0.2590088396872444
dackieswap-v3-mode,DackieSwap V3 (Mode),0,0.0
daikodex,DaikoDex,0,0.0002964405244398
dao_swap,DAO Swap,0,0.0013496577598587
darkknight,Dark KnightSwap,0,0.0218954293552348
dcoin,Dcoin,1,338.5503792735843
dedust,DeDust,0,101.26850174747273
deepcoin,Deepcoin,1,9956.534705054037
deepcoin_derivatives,Deepcoin (Derivatives),1,0.0
defichain,DeFiChain DEX,0,17.710955200393123
defi_kingdoms,Defi Kingdoms,0,0.1931890470095667
defi_kingdoms_crystalvale,Defi Kingdoms (Crystalvale),0,4.445789376636377
defi_plaza,DefiPlaza,0,0.0
defiplaza_radix,DefiPlaza (Radix),0,0.0591326042079455
defi_swap,DeFi Swap,0,1.545647593394836
degate,DeGate,0,35.110675247467185
degenswap-degenchain,DegenSwap,0,0.0047255483856481
delta_futures,Delta Exchange (Futures),1,0.0
delta_spot,Delta Exchange,1,5.7510962393065235
dem_exchange,Demex,0,0.1339783334590662
demex_derivatives,Demex (Derivatives),0,0.0
deribit,Deribit,1,0.0
deribit_spot,Deribit Spot,1,203.62932052125532
derpdex,DerpDEX (zkSync),0,0.0014243454098025
derpdex-base,DerpDEX (Base),0,0.0002276503773487
derpdex-opbnb,DerpDEX (opBnb),0,0.0009177467815421
deversifi,Rhino.fi,0,1.5621234743001084
dexalot,Dexalot,0,35.76865859882402
dexlab,Dexlab,0,0.0
dexter,Dexter,0,0.848545342770298
dextoro,DexToro,0,0.0
dextrade,Dex-Trade,1,1386.6339369084249
dezswap,Dezswap,0,0.0292056931922997
dforceswap_arbitrum,dForceswap (Arbitrum),0,0.020598261932989
dforceswap_bsc,dForceswap (BSC),0,0.0
dforceswap_ethereum,dForceswap (Ethereum),0,0.050826004457905
dforceswap_optimism,dForceswap (Optimism),0,0.0
dforceswap_polygon,dForceswap (Polygon),0,0.0
dfx,DFX,0,0.0
dfx_polygon,DFX (Polygon),0,0.0
dfyn,Dfyn,0,1.4410169526195256
diffusion,Diffusion Finance,0,0.0005768981839558
difx,DIFX,1,3.0045057965852466
digifinex,DigiFinex,1,17441.17601339314
digitalexchange_id,Digitalexchange.id,1,0.3221231634582431
dinosaureggs,DinosaurEggs (BSC),0,0.0
dodo,DODO (Ethereum),0,226.11896952719243
dodo_arbitrum,DODO (Arbitrum),0,85.21150956593826
dodo-avalanche,DODO (Avalanche),0,0.0
dodo_bsc,DODO (BSC),0,540.7395541433657
dodo_polygon,DODO (Polygon),0,14.87019450693744
dogeshrek,Dogeshrek,0,0.0029056587410424
dogeswap,DogeSwap,0,0.0
dogswap,DogSwap,0,0.0
dojoswap,DojoSwap,0,0.0
dooar_bsc,DOOAR (BSC),0,0.0
dooar_ethereum,DOOAR (Ethereum),0,0.0
dooar-polygon,DOOAR (Polygon),0,1.3197019529985252
doveswap-v3,DoveSwap V3,0,0.1634594597922542
dracula-finance,Dracula Finance,0,0.0045423042453865
dragonswap,DragonSwap,0,2.4560074460333796
drift_protocol,Drift Protocol,0,0.0
dtxswap-taiko,DTXSwap (Taiko),0,0.0
duckydefi,DuckyDeFi,0,0.0093525413210318
dusa,Dusa,0,0.9673262999618473
dydx_chain,dYdX Chain (Cosmos),0,0.0
dydx_perpetual,dYdX Perpetual (Ethereum),0,0.0
dyorswap-blast,DYORSwap (Blast),0,0.0532355509504559
dyorswap-degenchain,DYORSwap (Degen Chain),0,0.0
dystopia,Dystopia,0,0.0136098530427754
ebisus-bay,Ebisu's Bay,0,1.9792647459845576
echodex,EchoDEX,0,0.1509813477761863
econia,Econia,0,0.0
ecxx,Ecxx,1,0.8605588873413422
eddyfinance,EddyFinance,0,1.2231546893738996
ekubo,Ekubo (Starknet),0,31.758364046123965
elk_finance_avax,Elk Finance (Avalanche),0,0.0387191741853527
elk_finance_bsc,Elk Finance (BSC),0,0.0571924820657852
elk_finance_ethereum,Elk Finance (Ethereum),0,0.0002850473507903
elk_finance_polygon,Elk Finance (Polygon),0,0.0556117701784846
elk_finance_telos,Elk Finance (Telos),0,0.0033411909998005
ellipsis_finance,Ellipsis Finance,0,0.0
emirex,Emirex,1,21.43554447991364
empiredex,EmpireDEX (Cronos),0,0.0
empiredex_bsc,EmpireDEX (BSC),0,0.0
empiredex_empire,EmpireDEX (Empire),0,0.0
energiswap,Energiswap,0,0.1313512736707054
enosys-flare,Enosys (Flare),0,1.3395702378507548
equalizer,Equalizer,0,7.737334647438026
equalizer-base,Equalizer (Base),0,0.0942575715797552
equation,Equation,0,0.0
equilibre,Ã‰quilibre,0,0.0238806733885768
etcmc,ETCMC,0,0.0014351763574084
evmoswap,EvmoSwap,0,0.0
excalibur,Excalibur,0,0.0094117964411633
exmo,EXMO,1,865.4208417879969
ezkalibur,eZKalibur,0,0.095122395017153
fairdesk,Fairdesk,1,278.1895607368457
fairdesk_derivatives,Fairdesk Derivatives,1,0.0
fairyswap,Fairyswap,0,0.0
fameex,FameEX,1,5023.4102344683215
fastex,Fastex,1,1511.207947742036
fatbtc,FatBTC,1,25.65793260758493
fathom-dex,Fathom DEX,0,0.0
fenix-finance,Fenix Finance,0,0.0
ferro_protocol,Ferro Protocol,0,1.6519355896219097
financex,FinanceX,1,6.093094396450171
firefly,Firefly,0,1.2453268153430008
flatqube,FlatQube,0,1.012422220401579
flowx-finance,FlowX Finance,0,2.9585253756479375
fluxbeam,FluxBeam,0,2.8853248982611426
fmcpay,FMCPAY,1,220.53930701081063
forge,Forge,0,0.0
forteswap,Forteswap,0,0.046163702012831
four_swap,4swap,0,0.0
foxbit,Foxbit,1,31.021413541200115
fraxswap_ethereum,Fraxswap (Ethereum),0,12.231930183119443
fraxswap-fraxtal,Fraxswap (Fraxtal),0,0.3963747226301967
freiexchange,Freiexchange,1,0.0799975042650898
friendly_market,Friendly Market,0,0.0
frogswap-degen-chain,FrogSwap (Degen Chain),0,0.0
fubt,FUBT,1,0.0
fusionx-v2,FusionX V2,0,0.0011452959861843
fusionx-v3,FusionX V3,0,9.305847575857845
fuzz_finance,FuzzSwap,0,3.7122605827e-06
fx_swap,MarginX,0,0.9334963875417392
gasx,GasX,0,0.0
gate,Gate.io,1,27524.096443464867
gate_futures,Gate.io (Futures),1,0.0
gdax,Coinbase Exchange,1,35118.87957289157
gemini,Gemini,1,1764.9098544646367
gemini_derivatives,Gemini Derivatives,1,0.0
gemswap,GemSwap,0,0.0011688878821706
giottus,Giottus,1,0.9067511246489536
glide_finance,Glide Finance,0,0.6091200630263122
globe_exchange,Globe,1,1.456200627010938
globe_exchange_derivatives,Globe (Derivatives),1,0.0
globiance,Globiance,0,0.0109121629990828
gmo_japan,GMO Japan,1,208.79415147977198
gmo_japan_futures,GMO Japan (Futures),1,0.0
gmx_arbitrum,GMX Derivatives (Arbitrum),0,0.0
gmx_avalanche,GMX Derivatives (Avalanche),0,0.0
goosefx,GooseFX,0,0.0
gopax,GoPax,1,226.04548047756035
graviex,Graviex,1,0.2825371883169168
gravity_finance,Gravity Finance,0,0.0088457127300121
greenhouse_dex,Greenhouse,0,0.0006895831401669
gull-network,Gull Network,0,0.0
hakuswap,HakuSwap,0,0.0
halo_trade,Halo Trade,0,0.007066652474844
hashkey_exchange,HashKey Exchange,1,970.0255840187739
hashkey-global,HashKey Global,1,1322.4782127699298
hashkey-global-futures,HashKey Global (Futures),1,0.0
hbtc_futures,BHEX (Futures),1,0.0
hebeswap,Hebeswap,0,0.0089344653549353
heliswap,HeliSwap,0,0.1152575986634063
henjindex,HenjinDEX,0,0.938364863865398
hercules-v2,Hercules V2,0,0.0286954688698481
hercules-v3,Hercules V3,0,14.535252135494675
hermes_protocol,Hermes Protocol,0,26.811633876598904
hitbtc,HitBTC,1,341.9172031753323
hitbtc_derivatives,HitBTC (Derivatives),1,0.0
hiveswap-v3,HiveSwap V3,0,9.83169084e-06
holdstation-defutures,Holdstation DeFutures,0,0.0
honeyswap,Honeyswap,0,0.659757768343622
honeyswap_polygon,Honeyswap (Polygon),0,0.0
honorswap,HonorSwap,0,0.0
hopeswap,HopeSwap,0,0.0
horizondex,HorizonDEX,0,0.3684695313492225
hotcoin_global,Hotcoin,1,11097.571676191335
howswap,HowSwap,0,0.0
huckleberry,Huckleberry,0,0.0640237820076678
huobi,HTX,1,33912.62599750732
huobi_dm,HTX Futures,1,0.0
huobi_japan,BitTrade,1,103.40791799255153
hydra,Hydra DEX,0,0.0
hydradx,Hydration,0,24.85837021770194
hyperblast,HyperBlast,0,0.0
hyperliquid,Hyperliquid (Futures),0,0.0
hyperliquid-spot,Hyperliquid,0,115.47659317026859
icdex,ICDex,0,0.1300644508946927
icecreamswap-core,IcecreamSwap (Core),0,0.0481142659661309
icecreamswap-v3-core,IceCreamSwap V3 (CORE) ,0,0.4567875860058655
icpex,ICPEx,0,0.0
icpswap,ICPSwap,0,3.361094944499904
icrypex,Icrypex,1,253.80581380283917
idex,Idex,0,0.0
illuminex,illumineX,0,0.1495165485202713
impossible_finance,Impossible Finance,0,0.0976384875703678
impossible-finance-humanode,Impossible Finance (Humanode),0,0.0625585561907536
impossible_finance_v3,Impossible Finance (v3),0,0.0395355455831673
increment_swap,Increment Swap,0,3.634814069258182
independent_reserve,Independent Reserve,1,228.59235780398564
indodax,Indodax,1,203.57038759504917
infusion,Infusion,0,1.0742489222547495
injective,Helix,0,77.8206485638441
injective_futures,Helix (Futures),0,0.0
inx_one,INX One,1,4.743841462740022
iotabee-shimmerevm,Iotabee (ShimmerEVM),0,0.0
itbit,itBit,1,188.21400134604096
iziswap,iZiSwap (BSC),0,0.1423784794549162
iziswap-linea,iZiSwap (Linea),0,19.528841562779125
iziswap-manta-pacific,iZiSwap (Manta Pacific),0,1.1071406271128874
iziswap-mantle,iZiSwap (Mantle),0,0.5742616730456761
iziswap-mode,iZiSwap (Mode),0,1.5287986504309323
iziswap-scroll,iZiSwap (Scroll),0,28.2796704159594
iziswap-taiko,iZiSwap (Taiko),0,9.83214656710374
iziswap-x-layer,iZiSwap (X Layer),0,0.0935682984949134
iziswap-zetachain,iZiSwap (Zetachain),0,0.2789743139100048
iziswap-zkfair,iZiSwap (ZKFair),0,0.0
iziswap-zklink-nova,iZiSwap (zkLink Nova) ,0,0.4807196379267868
iziswap_zksync,iZiSwap (zkSync),0,2.301790294754117
jediswap-starknet-alpha,JediSwap,0,0.6454633964161932
jellyswap,Jellyverse,0,0.0
jetswap,JetSwap,0,0.0
jswap,Jswap,0,0.0
julswap,Julswap,0,0.1010881304681814
junoswap,Junoswap,0,0.0
jupiter,Jupiter,0,0.0
justmoney_bttc,Justmoney (Bittorent),0,0.0
kaddex,eckoDEX,0,0.0
kaidex,Kaidex,0,1.5621570995488891
kaidex_v3,Kaidex V3,0,0.0
kaleidoswap-arbitrum,KaleidoSwap (Arbitrum),0,0.0
kanga,Kanga,1,186.97078318261475
karura_swap,Karura Swap,0,0.3277269546417284
katana,Katana,0,52.39972933418258
kava,Kava Swap,0,0.0
kdswap,KDSwap,0,0.0261245267381821
kewlswap-arbitrum,KEWLSwap (Arbitrum),0,0.0
kewlswap-chiliz-chain,KEWLSwap (Chiliz Chain),0,0.0
khaos_exchange,Khaos Exchange,0,0.0
kibbleswap,KibbleSwap,0,0.0
kickex,KickEX,1,45.15234365954309
kiloex-bsc,KiloEx (BSC),0,0.0
kiloex-manta-pacific,KiloEx (Manta Pacific),0,0.0
kiloex-opbnb,KiloEx (opBnb),0,0.0
kim,Kim,0,0.1051292923039186
kim-v4,Kim V4,0,20.611561874127094
kine-protocol-derivatives,Kine Protocol (Derivatives),0,0.0
kine-protocol-spot,Kine Protocol (Spot),0,0.160139342565093
kinesis_money,Kinesis Money,1,116.72341567175961
kinetix-v3,Kinetix V3,0,2.915775994756548
klayswap,KLAYSwap,0,5.193877160288722
klayswap-v3,Klayswap V3,0,1.2178881435928317
klever_exchange,Bitcoin.me,1,0.304504128289435
knightswap,KnightSwap,0,0.2612607720405669
koinbazar,Koinbx,1,132.62944910681048
koinpark,Koinpark,1,196.6478299797007
komodo_wallet,Komodo Wallet,0,0.0191724105690157
korbit,Korbit,1,67.57283672437747
kraken,Kraken,1,10826.08841855368
kraken_futures,Kraken (Futures),1,0.0
kriya-dex,KriyaDEX,0,23.880975315363496
ktx_finance_arbitrum_derivatives,KTX.Finance (Arbitrum),0,0.0
ktx_finance_bsc_derivatives,KTX.Finance (BSC),0,0.0
ktx_finance_mantle_derivatives,KTX.Finance (Mantle),0,0.0
kucoin,KuCoin,1,9208.695535296878
kujira,Kujira Fin,0,4.3217266014417
kumex,KuCoin Futures,1,0.0
kuna,Kuna Exchange,1,46.1219038374512
kuswap,Kuswap,0,0.0016730066810955
kyberswap_classic_arbitrum,Kyberswap Classic (Arbitrum),0,0.0083613929496627
kyberswap_classic_avalanche,KyberSwap Classic (Avalanche),0,0.0334674279662049
kyberswap_classic_bsc,KyberSwap Classic (BSC),0,0.0263782783526333
kyberswap_classic_bttc,Kyberswap Classic (Bittorent),0,0.0
kyberswap_classic_ethereum,KyberSwap Classic (Ethereum),0,0.1014959766670463
kyberswap_classic_fantom,KyberSwap Classic (Fantom),0,0.0
kyberswap_classic_optimism,Kyberswap Classic (Optimism),0,0.0089944665351
kyberswap_classic_polygon,KyberSwap Classic (Polygon),0,0.100285003140907
kyberswap_elastic,KyberSwap Elastic (Ethereum),0,0.0
kyberswap_elastic_arbitrum,Kyberswap Elastic (Arbitrum),0,0.0227175526044562
kyberswap_elastic_avalanche,Kyberswap Elastic (Avalanche),0,0.0
kyberswap_elastic_bsc,Kyberswap Elastic (BSC),0,0.0
kyberswap_elastic_fantom,Kyberswap Elastic (Fantom),0,0.0
kyberswap-elastic-linea,Kyberswap Elastic (Linea),0,0.3603628168993602
kyberswap_elastic_optimism,Kyberswap Elastic (Optimism),0,0.0055236494249775
kyberswap_elastic_polygon,Kyberswap Elastic (Polygon),0,0.2390455710696906
laserswap,LaserSwap,0,0.0
latoken,LATOKEN,1,7037.379142977593
lbank,LBank,1,20168.512366058745
lbank-futures,LBank (Futures),1,0.0
lcx,LCX Exchange,1,20.543734222315372
leetswap-base,LeetSwap (Base),0,0.0
leetswap-linea,LeetSwap (Linea),0,0.0
leonicornswap,LeonicornSwap,0,0.0
levana-perps-osmosis,Levana Perps (Osmosis),0,0.0
levinswap_xdai,Levinswap (xDai),0,0.0179325349910657
lfgswap,LFGswap,0,0.0002144137566018
lfgswap-core,LFGSwap (Core),0,0.0180644733060288
libre_swap,Libre Swap,0,0.0094581296299721
lif3,LIF3 (Tombchain),0,0.0038221624583303
lif3-bsc,LIF3 (BSC),0,0.0
lif3-ethereum,Lif3 (Ethereum),0,0.0571244074430693
lif3-polygon,LIF3 (Polygon),0,0.0017527538462698
lif3-v3-bsc,Lif3 V3 (BSC),0,0.061777700203593
lif3-v3-fantom,Lif3 V3 (Fantom),0,0.0303815924222143
lif3-v3-polygon,Lif3 V3 (Polygon),0,0.0911285076671814
line-hub-v3,Line Hub V3,0,0.0
liquidswap,Liquidswap,0,8.79192016672007
liquidswap-v0-5,LiquidSwap V0.5,0,38.76732279566965
localtrade,LocalTrade,1,3.6265991469589838
loop_markets,Loop Markets,0,0.0
loopring,Loopring,0,0.0298170609575241
loopring_amm,Loopring AMM,0,1.569768192657918
luaswap,Luaswap,0,0.0
luigiswap,LuigiSwap,0,0.0
luno,Luno,1,131.4329621455738
lydia_finance,Lydia Finance,0,0.0319055928477434
lykke,Lykke,1,0.0
lynex-linea,Lynex,0,160.21301375129883
lynex-v2-linea,Lynex V2 (Linea),0,1.5567254731319473
magic_eden_runes,Magic Eden (Runes),0,20.82224772
magicsea-iota-evm,MagicSea (Iota EVM),0,0.0
magicswap,Magicswap,0,0.0791918936010602
maiar,xExchange,0,6.633052913997677
makiswap,Makiswap,0,0.0
mangata,Mangata,0,0.0044826165869865
mantaswap,MantaSwap,0,0.0
mars_ecosystem,Mars Ecosystem,0,0.0337254878716161
marswap,MARSWAP,0,0.0
matcha_arbitrum_one,Matcha (Arbitrum One),0,12.02282172998516
matcha_avalanche,Matcha (Avalanche),0,1.3503451502824257
matcha_base,Matcha (Base),0,10.220215140129996
matcha_bsc,Matcha (BSC),0,0.8367555726591444
matcha_ethereum,Matcha (Ethereum),0,349.8458730005003
matcha_optimism,Matcha (Optimism),0,1.7502580712837268
matcha_polygon,Matcha (Polygon),0,0.820985755195487
maverick_protocol,Maverick Protocol,0,24.506057288400722
maverick_protocol_base,Maverick Protocol (Base),0,104.09591747927062
maverick_protocol_bsc,Maverick Protocol (BSC),0,0.0
maverick_protocol_zksync,Maverick Protocol (zkSync),0,0.0
max_maicoin,Max Maicoin,1,246.40847966815105
maya-protocol,Maya Protocol,0,6.8861584690980715
mcdex,MCDEX (Arbitrum),0,0.0
mcdex_bsc,MCDEX (BSC),0,0.0
mdex,Mdex,0,0.0
mdex_bsc,Mdex BSC,0,1.9539748853750476
megaton-finance,Megaton Finance,0,0.0202874379790859
melegaswap,MelegaSwap,0,0.0
mercado_bitcoin,Mercado Bitcoin,1,76.1189649039014
mercatox,Mercatox,1,59.67891515193839
merchant-moe-liquidity-book-mantle,Merchant Moe Liquidity Book (Mantle),0,63.14743555306129
merchant-moe-mantle,Merchant Moe,0,5.817390938536222
merlinswap,MerlinSwap,0,18.387309027365063
meshswap,Meshswap,0,0.9013202077071337
metalx,Metal X,0,18.765245855143267
meteora,Meteora,0,1159.1458233229107
methlab,Methlab (Mantle),0,11.153285378908272
miaswap,MiaSwap,0,0.0
milkyswap-milkada,MilkySwap,0,0.001768108611239
mimo,Mimo,0,0.7475050727298327
mindgames-arbitrum,MIND Games,0,0.0004115816340021
minswap,Minswap,0,33.02173157707339
mistswap_smart_bitcoin_cash,Mistswap,0,0.0
mm_finance,MMFinance (Cronos),0,9.665257464100407
mm-finance-arbitrum,MM Finance (Arbitrum),0,0.0033858658656061
mmfinance_polygon,MMFinance (Polygon),0,0.0
mmfinance-v3-arbitrum,MMFinance V3 (Arbitrum),0,0.0
mojitoswap,MojitoSwap,0,0.0607809061364329
monoswap-V2-blast,MonoSwap V2 (Blast),0,0.0019860656617461
monoswap-v3-blast,MonoSwap V3 (Blast),0,9.278952883483695
moraswap-v2,Moraswap V2,0,0.0164983233299991
morpheus_swap,Morpheus Swap,0,0.0146830557122132
mudrex,Mudrex,1,47.030035456230664
muesliswap,Muesliswap,0,0.0010262856955921
muesliswap-milkada,Muesliswap (Milkada),0,0.0012062978871007
mufex,MUFEX,0,0.0
mute,Koi Finance,0,4.189026340028702
mxc,MEXC,1,18142.390875693596
mxc_futures,MEXC (Futures),1,0.0
myswap-cl,mySwap-CL,0,0.0
myx,MYX,0,0.0
nachoswap,NachoSwap,0,0.0021374474068084
namebase,Namebase,1,0.05142752177883
nami_exchange,Nami.Exchange,1,1.108602331339729
nanu_exchange,Nanu Exchange,1,0.5551448508535327
narkasa,Narkasa,1,5.048612139069207
nash,Nash,0,0.2184960935663943
nearpad,NearPAD,0,0.0118778189571169
netswap,Netswap,0,1.042942931390481
neutroswap,Neutroswap,0,0.0
newdex,Newdex,0,0.0
nexus_mutual,Nexus Mutual,0,0.0
nice_hash,NiceHash,1,3.5305165247724055
nile,NILE,0,103.56741840634685
nile-v1,NILE V1,0,12.300543221557486
niza-global,Niza Global,1,6.786603617425253
nominex,Nominex,1,67.85253721131383
nomiswap,Nomiswap,0,0.7459369019205184
nomiswap_stable,Nomiswap (Stable),0,9.652406095766938
nonkyc_io,Nonkyc.io,1,36.93909497302993
nostra,Nostra ,0,5.811283821998718
novadax,NovaDAX,1,143.1196093195098
nuri-v2,Nuri V2,0,0.0
oasisswap-base,OasisSwap (Base),0,6.51248567391e-05
oasis_trade,OasisDEX,0,0.0
occamx,OccamX,0,0.0026255427724005
oceanex,Oceanex,1,1.7970494412128026
okcoin,Okcoin,1,0.0
okcoin-japan,OKCoin Japan,1,118.61369997188167
okex,OKX,1,24465.145320708743
okex_ordinals,OKX Ordinals,1,9.28133224
okex_swap,OKX (Futures),1,0.0
oku-trade-filecoin,Oku Trade (Filecoin),0,0.0
oku-trade-linea,Oku Trade (Linea),0,0.0
oku-trade-manta-pacific,Oku Trade (Manta Pacific),0,0.0
oku-trade-moonbeam,Oku Trade (Moonbeam),0,0.0
oku-trade-scroll,Oku Trade (Scroll),0,60.00421503563241
oku-trade-zksync,Oku Trade (zkSync),0,0.0
omax-swap,Omax Swap,0,0.0
omgfin,Omgfin,1,17.59421082021211
omnidex,OmniDex,0,4.28910186737e-05
onedex,OneDex,0,0.9219245830436188
one_inch_liquidity_protocol,1inch Liquidity Protocol,0,0.0
one_intro,1INTRO,0,28.462619452259602
onsen-swap,Onsen Swap,0,0.0022025246408883
oolongswap,Oolongswap,0,0.0
openbook,OpenBook,0,0.911179998361421
openleverage,OpenLeverage,0,0.0
openocean_finance,OpenOcean,0,166.40171614520352
openswap,OpenSwap,0,0.0019160338268245
opnx_derivatives,OPNX Derivatives,1,0.0
opnx_spot,OPNX,1,0.0
oracleswap,Oracleswap,0,0.0016686168336186
oraidex,OraiDEX,0,3.6332352289083807
orangedx,OrangeDX,0,0.3626570726575861
orangex,OrangeX,1,9013.46172597624
orangex_futures,OrangeX Futures,1,0.0
orca,Orca,0,809.9630868767732
orderbook,Orderbook.io,0,0.0
orderly_network,Orderly Network,0,1.5672682659033699
orderly_network_derivatives,Orderly Network (Derivatives) (Near),0,0.0
orderly_network_derivatives_evm,Orderly Network (Derivatives),0,0.0
oreoswap,OreoSwap,0,0.0011841964225972
orion-bsc,Orion (BSC),0,3.542012584051365
orion-ethereum,Orion (Ethereum) ,0,0.3747142796263809
osmosis,Osmosis,0,247.80379437948076
ox-fun,OX.FUN,1,0.0
p2pb2b,P2B,1,14088.012642701287
pacificswap,PacificSwap,0,0.5908885831584793
paintswap,Paintswap,0,0.0164333654171453
pancakeswap_aptos,Pancakeswap (Aptos),0,7.409388289645115
pancakeswap_ethereum,PancakeSwap (Ethereum),0,0.3088327861612233
pancakeswap_new,PancakeSwap (v2),0,514.306244022505
pancakeswap_stableswap,Pancakeswap (Stableswap),0,14.822342702915012
pancakeswap-stableswap-arbitrum,Pancakeswap Stableswap (Arbitrum),0,1.915290691530521
pancakeswap-v1-bsc,Pancakeswap V1 (BSC),0,3.8168280537681287
pancakeswap-v2-arbitrum,Pancakeswap V2 (Arbitrum),0,0.0859325882655825
pancakeswap-v2-base,Pancakeswap V2 (Base),0,0.0263483760155843
pancakeswap-v2-opbnb,Pancakeswap V2 (opBnb),0,0.0
pancakeswap-v2-polygon-zkevm,Pancakeswap V2 (Polygon zkEVM),0,0.0
pancakeswap-v2-zksync,PancakeSwap (zkSync),0,0.4176947037993747
pancakeswap-v3-arbitrum,Pancakeswap V3 (Arbitrum),0,554.3516359125648
pancakeswap-v3-base,Pancakeswap V3 (Base),0,243.07142848883277
pancakeswap-v3-bsc,Pancakeswap V3 (BSC),0,3053.8396824367937
pancakeswap-v3-ethereum,Pancakeswap V3 (Ethereum),0,532.6426165132845
pancakeswap-v3-linea,Pancakeswap V3 (Linea),0,115.38459313074617
pancakeswap-v3-opbnb,Pancakeswap V3 (opBnb),0,1.6649549020355467
pancakeswap-v3-polygon-zkevm,Pancakeswap V3 (Polygon zkEVM),0,6.568001588742442
pancakeswap-v3-zksync,Pancakeswap V3 (zkSync),0,85.4466751752007
pangolin,Pangolin,0,7.3959749182366075
pangolin-flare,Pangolin (Flare),0,0.0006028413365328
pangolin-songbird,Pangolin (Songbird),0,0.0006210613168934
paradex,Paradex,0,0.0
paribu,Paribu,1,1201.6944515902858
paymium,Paymium,1,0.8705878365802743
pearl-exchange,PearlFi,0,1.9327456801913154
pearlfi-v1-5,PearlFi V1.5,0,0.0318383183989303
pearlfi-v2-re-al,PearlFi V2 (Re.al) ,0,0.0
pegasys,Pegasys,0,0.0004429056751448
pegasys-v3-rollux,Pegasys V3 (Rollux),0,0.0
perpetual_protocol,Perpetual Protocol,0,0.0
pharaoh-exchange,Pharaoh Exchange,0,12.724459940080514
pharaoh-exchange-v1,Pharaoh Exchange V1,0,0.1469149407076383
phemex,Phemex,1,1503.2424697141419
phemex_futures,Phemex (Futures),1,0.0
photonswap,PhotonSwap (Cronos),0,0.0048283340766521
photonswap_kava,PhotonSwap (Kava),0,0.0
phux,Phux,0,14.728745560991547
pinkswap,PinkSwap,0,0.0014723524140551
pionex,Pionex,1,3618.9673468994024
planet_finance,Planet Finance,0,0.0369551811598876
platypus_finance,Platypus Finance,0,0.0
plenty_network,Plenty Network,0,0.0823510158367414
pointpay,PointPay,1,1590.7686926632332
polaris,Polaris,0,0.0117927145496459
polia,Polia,0,0.0
polkadex,Polkadex,0,0.0
polkaex_shiden,PolkaEx (Shiden),0,0.0
polkaswap,Polkaswap,0,1.7426738640778447
poloniex,Poloniex,1,1436.865049971635
poloniex_futures,Poloniex Futures,1,0.0
polycat_finance,Polycat Finance,0,0.0
polynomial-trade,Polynomial Trade ,0,0.0
polyzap,PolyZap,0,0.0
pomswap,POMSwap,0,0.0
poolshark,Poolshark,0,0.0
potatoswap-x-layer,PotatoSwap (X Layer) ,0,1.2443474650101225
powertrade,Powertrade,1,0.0
powertrade_derivatives,Powertrade (Derivatives),1,0.0
powswap,Powswap,0,0.0005155067675359
prime_xbt,PrimeXBT,1,0.0
prism,Prism Protocol,0,0.0
probit,ProBit Global,1,1990.5013917167694
probit_kr,Probit (Korea),1,0.0
protofi,ProtoFi,0,0.0366546139699206
puddingswap,PuddingSwap,0,0.0
pulsex,PulseX,0,89.61011349743697
pulsex-v2,PulseX V2,0,15.734803269144209
punkswap,Punkswap,0,0.0783151912387048
purcow,Purcow,1,0.0624327035914307
qmall,QMall,1,91.95999764944274
quickswap,Quickswap,0,20.152336555161742
quickswap_dogechain,Quickswap (Dogechain),0,0.1423777893750523
quickswap-polygon-zkevm,Quickswap (Polygon zkEVM),0,5.5838193368778954
quickswap_v3,Quickswap (v3),0,341.6394893534756
quickswap-v3-astar-zkevm,QuickSwap V3 (Astar zkEVM),0,2.884431170759579
quickswap-v3-immutable-zkevm,QuickSwap V3 (Immutable zkEVM),0,6.222553614233386
quickswap-v3-manta-pacific,Quickswap V3 (Manta Pacific),0,25.170150518901725
quickswap_v3_x_layer,Quickswap V3 (X Layer),0,1.7286533286919086
quipuswap,Quipuswap,0,9.791810241650603
rabbitx,RabbitX,0,0.0
radioshack_avalanche,RadioShack (Avalanche),0,0.0063722553867089
radioshack_bsc,RadioShack (BSC),0,0.014788873099535
radioshack_ethereum,RadioShack (Ethereum),0,0.0159273936028593
radioshack_polygon_pos,RadioShack (Polygon),0,0.0155441334452686
ra-exchange,Ra Exchange,0,1.3611051705277917
ra-exchange-v1,Ra Exchange V1,0,8.13786335583e-05
ramses,Ramses,0,1.1983283911599092
ramses-v2,Ramses V2,0,2.2425152181894976
rawr-trade,Rawr Trade,0,0.2548490513281643
raydium2,Raydium,0,4672.872782553205
raydium-clmm,Raydium (CLMM),0,4649.982701378657
rcpswap,RCP Swap,0,0.1019845544246979
ref_finance,Ref Finance,0,26.85793461484189
retherswap,Retherswap,0,0.0
retro,Retro,0,13.466902901708341
revoswap,Revoswap,0,0.0
revoswap-v2,Revoswap V2,0,0.044507953757099
rocketswap,Rocketswap,0,0.2519812177334264
rockswap,Rockswap,0,0.0
roguex-protocol,RogueX Protocol ,0,0.0390565033234057
ruby_exchange,Ruby Exchange,0,0.0801517091867903
saber,Saber,0,0.0
safe_trade,SafeTrade,1,5.56273214536468
saitaswap-bsc,SaitaSwap (BSC),0,1.1422116961132067
saitaswap-ethereum,SaitaSwap (Ethereum),0,0.0006047087175466
sakeswap,SakeSwap,0,0.0081258955356908
satori-base,Satori (Base),0,0.0
satori-linea,Satori (Linea),0,0.0046158661649336
saucerswap,Saucerswap V1,0,0.0
saucerswap-v2,Saucerswap V2,0,21.202328267103763
scrollswap,ScrollSwap,0,0.0114281207729649
secondbtc,SecondBTC,1,0.0641200739587667
secretswap,SecretSwap,0,0.0
secta-finance-v2,Secta Finance V2 (Linea),0,0.0753399935100743
secta-finance-v3,Secta Finance V3 (Linea),0,1.1204139239110806
serum_dex,Serum DEX,0,0.0
shade_protocol,Shade Protocol,0,1.9583214697936038
shadowswap,ShadowSwap,0,0.0794119392079074
sharkswap,SharkSwap,0,0.0019450491062639
sharkyswap,SharkySwap,0,0.0002497830487956
shibaswap,Shibaswap,0,6.141633703906312
shibswap,ShibSwap,0,0.0
shimmersea,MagicSea (ShimmerEVM),0,0.7095458565100385
sideswap,Sideswap,0,0.0
siennaswap,Siennaswap,0,0.0
silkswap,SilkSwap,0,1.3313341828342815
skydrome,Skydrome,0,1.6208408399184657
skydrome-v2,Skydrome V2,0,0.5486100362523227
slex,Slex,1,859.5599640838794
smardex-arbitrum,SmarDex (Arbitrum),0,0.0425623391722171
smardex-base,SmarDex (Base),0,0.0858402173762354
smardex-bsc,SmarDex (BSC),0,0.459611338642555
smardex-ethereum,SmarDex,0,4.269510103123828
smardex-polygon,SmarDex (Polygon),0,0.1497547498097127
sobal,Sobal (Neon EVM),0,0.0
solarbeam,Solarbeam,0,0.2395268060715963
solarflare,Solarflare,0,0.0147289336071566
solidlizard,SolidLizard,0,0.0257634296457533
solidly,Solidly V1 (Fantom),0,0.0
solidlydex,Solidly V2 (Ethereum),0,0.0081861305202547
solidly-v3,Solidly V3 (Ethereum),0,11.173766572498758
solidly-v3-arbitrum,Solidly V3 (Arbitrum),0,11.173766572498758
solidly-v3-base,Solidly V3 (Base),0,11.173766572498758
solidly-v3-fantom,Solidly V3 (Fantom),0,8.631912934512156
solidly-v3-optimism,Solidly V3 (Optimism),0,11.173766572498758
solisnek,SoliSnek,0,0.0019416496286199
sologenic,Sologenic,0,0.0
sonic,Sonic,0,4.252113644300223
soswap,Soswap,0,0.3535877663438946
soulswap,Soulswap,0,0.0148076955328244
sovryn,Sovryn DEX,0,3.1990071936067275
soy-finance-callisto,Soy Finance (Callisto),0,0.0
spacefi,SpaceFi,0,0.0035446316287712
spacefi_zksync,SpaceFi (ZkSync),0,0.741388142721747
spartadex,SpartaDEX,0,2.2529946446172224
spartan_protocol,Spartan Protocol,0,0.049426545397859
spectrum_finance,Spectrum Finance,0,0.0419991813925096
spectrum-finance-cardano,Spectrum Finance (Cardano),0,1.5650243141906794
sphynx_brise,Sphynx (Brise),0,0.00359632115672
sphynx_swap,Sphynx Swap (BSC),0,0.0004863736264361
spice_trade_avalanche,Spice Trade (Avalanche),0,0.0
spicyswap,Spicyswap,0,0.0095303548494732
spin,Spin,0,0.5641536319637314
spinaqdex,SpinaqDex,0,0.0
spiritswap,SpiritSwap,0,0.4388140942156784
spiritswap_v2,SpiritSwap (V2),0,0.0548750924153552
spookyswap,SpookySwap,0,7.766104787482786
spookyswap-v3,SpookySwap V3 ,0,0.5625066476989224
squadswap,SquadSwap V2,0,1.4348557874795826
squadswap-v3,SquadSwap V3,0,0.008278620578696
stake_cube,StakeCube Exchange,1,1.5601681604687443
starkdefi,StarkDefi,0,0.209641059838647
stationdex-v3-x-layer,StationDEX V3 (x Layer),0,0.506330155557439
steam-exchange-rails-network,Rails Network Swap,0,0.0
stellar_term,StellarTerm,0,9.245494644101136
stellaswap,StellaSwap,0,1.8100647669703758
stellaswap-v3,Stellaswap (V3),0,35.57935205876074
step-exchange,Step Exchange,0,0.1161109657823255
step_finance,Step Finance,0,0.0
sterling,Sterling,0,0.0014517739186211
ston_fi,STON.fi,0,216.84515890692825
stormgain,Stormgain,1,11.79938444914584
stormgain_futures,Stormgain Futures,1,0.0
stratum-exchange,Stratum Exchange,0,0.0043109696416855
suiswap,Suiswap,0,0.0215076941178489
sundaeswap,Sundaeswap,0,0.7411716479084084
sunswap_v1,SUN.io,0,30.206337314266364
supswap,SupSwap,0,14.237667504583618
surf-protocol,Surf Protocol,0,0.0
surfswap,Surfswap,0,0.0
sushiswap,Sushiswap,0,51.57107330139799
sushiswap_arbitrum,Sushiswap (Arbitrum One),0,7.0175702850508666
sushiswap_arbitrum_nova,Sushiswap (Arbitrum Nova),0,0.30267731113703
sushiswap_avalanche,Sushiswap (Avalanche),0,0.0494269867011865
sushiswap_bsc,Sushiswap (BSC),0,0.5683512301174243
sushiswap_celo,Sushiswap Celo,0,0.00800614418271
sushiswap_fantom,Sushiswap (Fantom),0,0.0609631124140633
sushiswap_harmony,Sushiswap (Harmony),0,0.1477978812311145
sushiswap_polygon_pos,Sushiswap (Polygon POS),0,7.671300669609011
sushiswap-v2-base,Sushiswap V2 (Base),0,25.885392247728095
sushiswap-v3-arbitrum,Sushiswap V3 (Arbitrum),0,9.294925701151483
sushiswap-v3-arbitrum-nova,Sushiswap V3 (Arbitrum Nova),0,0.151861723371832
sushiswap-v3-base,SushiSwap V3 (Base),0,18.657391127318366
sushiswap-v3-bsc,Sushiswap V3 (BSC),0,0.2654701338005312
sushiswap-v3-core,Sushiswap V3 (Core),0,1.7787573011232878
sushiswap-v3-ethereum,Sushiswap V3 (Ethereum),0,1.6135074990792697
sushiswap-v3-fantom,Sushiswap V3 (Fantom),0,0.1032262142572411
sushiswap-v3-linea,Sushiswap V3 (Linea),0,3.242276942836993
sushiswap-v3-optimism,Sushiswap V3 (Optimism),0,0.3185517046918745
sushiswap-v3-polygon,Sushiswap V3 (Polygon),0,12.713886775011455
sushiswap-v3-polygon-zkevm,Sushiswap V3 (Polygon zkEVM),0,0.0377459792351302
sushiswap-v3-scroll,SushiSwap V3 (Scroll),0,61.959248088885076
sushiswap-v3-thundercore,Sushiswap V3 (ThunderCore),0,0.0403346640356028
sushiswap-v3-zetachain,Sushiswap V3 (ZetaChain),0,0.0086734054991841
sushiswap_xdai,Sushiswap (xDai),0,1.8114007045510463
swapbased,SwapBased,0,0.6525394539449025
swapbased-v3,SwapBased V3,0,20.311550110460946
swapblast,SwapBlast,0,0.0595536038159966
swapfish,SwapFish,0,0.0004513810497036
swapline-optimism,Swapline (Optimism),0,0.0
swapline-shimmerevm,Swapline (ShimmerEVM) ,0,0.0
swapmode,SwapMode,0,0.7938595937386274
swappi,Swappi,0,5.953090989927098
swapr_arbitrum,Swapr (Arbitrum),0,0.0183428953929982
swapr_ethereum,Swapr (Ethereum),0,0.0
swapr_xdai,Swapr (Xdai),0,0.684695164242572
swapsicle,Swapsicle,0,0.0055585733205814
swapsicle-telos,Swapsicle (Telos),0,0.0
swapsicle-v2-mantle,Swapsicle V2 (Mantle),0,0.0
swapsicle-v2-telos,Swapsicle V2 (Telos),0,0.0
swop_fi,Swop.Fi,0,0.0321834878331154
swych,SWYCH,0,0.0308548803329515
syncswap,SyncSwap,0,78.47170822158695
syncswap-linea,SyncSwap (Linea),0,17.117943219143392
syncswap-scroll,SyncSwap (Scroll),0,28.691580378759447
syncswap-v2-1-linea,SyncSwap V2.1 (Linea),0,0.0
syncswap-v2-1-scroll,SyncSwap V2.1 (Scroll),0,0.0
syncswap-v2-1-zksync,SyncSwap V2.1 (zkSync),0,0.0
syncswap-v2-zksync,SyncSwap (zkSync),0,2.872437845209371
synfutures,SynFutures,0,0.0
synthetix,Kwenta,0,0.0
synthswap,Synthswap,0,0.0
synthswap-v3,Synthswap V3,0,0.0
taikoswap,TaikoSwap,0,0.0505966403077317
tangleswap,TangleSwap,0,0.0
tangleswap-milkomeda-cardano,TangleSwap (Milkomeda Cardano),0,3.50852655116e-05
tangoswap,TangoSwap,0,0.0008699521736691
tanx,tanX,0,11.830180911222712
tapbit,Tapbit,1,9503.275236167923
tdax,Orbix,1,5.0982355995369675
tealswap,Tealswap,0,0.685839657619505
templedao,TempleDAO,0,0.0
tenderswap,Tenderswap,0,0.0
terraport,Terraport,0,0.2159416829491736
terraswap,Terraswap Classic,0,0.0
tesseract-world,Tesseract World,0,0.0
tethys,Tethys Finance,0,0.2928567460566562
tetuswap,Tetuswap,0,0.0
tfm,Terraformer,0,0.0
thala,Thala,0,97.64120743561801
thena,THENA,0,11.9060081700461
thena-fusion,THENA FUSION,0,381.8869256044657
thena-opbnb,THENA (opBnb),0,0.0462644745318649
thorswap,THORChain,0,195.1811521084371
thorus,Thorus,0,0.0
thorwallet,THORWallet DEX,0,8.210302797562955
throne-v3-base,Throne V3 (Base),0,0.0
thruster-v2-0-3-fee-tier,Thruster V2 (0.3% Fee Tier),0,9.740034490886291
thruster-v2-1-0-fee-tier,Thruster V2 (1.0% Fee Tier),0,7.074868141501244
thruster-v3,Thruster V3,0,1001.7409364991354
tidex,Tidex,1,57.46002311889162
tinyman,Tinyman,0,4.012087025872435
tokan-exchange,Tokan Exchange,0,0.0
tokenize,Tokenize,1,181.63698319187998
tokenlon,Tokenlon,0,9.844118723038022
token_sets,TokenSets,0,0.0
toko_crypto,TokoCrypto,1,171.88426704080646
tokpie,Tokpie,1,64.12674849144675
tomb_swap_fantom,Tomb Swap (Fantom),0,0.0592599675794721
toobit,Toobit,1,7942.966606037835
toobit_derivatives,Toobit Futures,1,0.0
trade_ogre,TradeOgre,1,27.139452796478743
traderjoe,Trader Joe,0,36.55359705471516
traderjoe-v2-1-arbitrum,Trader Joe V2.1 (Arbitrum),0,256.0958937995694
traderjoe-v2-1-avalanche,Trader Joe V2.1 (Avalanche),0,444.10663174059204
traderjoe-v2-1-bsc,Trader Joe V2.1 (BSC),0,0.089612066497452
traderjoe-v2-arbitrum,Trader Joe v2 (Arbitrum),0,0.4065459590572811
traderjoe-v2-avalanche,Trader Joe v2,0,0.2130615828527071
traderjoe-v2-bsc,Trader Joe V2 (BSC),0,0.0
tranquil_finance,Tranquil Finance,0,0.0092996695877494
trisolaris,Trisolaris,0,1.526652940055907
tropical_finance,Tropical Finance,0,0.0
trubit,Trubit,1,1492.9257387038576
trustless-market,Trustless Markets,0,0.0
turbos-finance,Turbos Finance,0,0.0
ubeswap,Ubeswap,0,0.3987564938460569
unicly,Unicly,0,0.0
unisat,UniSat,0,5.77275611
unisat_runes,UniSat (Runes),0,0.57097806
uniswap-bsc,Uniswap V3 (BSC),0,403.53275729660004
uniswap_v2,Uniswap V2 (Ethereum),0,2600.1133826411924
uniswap-v2-arbitrum,Uniswap V2 (Arbitrum),0,0.9484228985921495
uniswap-v2-avalanche,Uniswap V2 (Avalanche),0,0.003559620087524
uniswap-v2-base,Uniswap V2 (Base),0,219.01029380860962
uniswap-v2-blast,Uniswap V2 (Blast),0,0.0146468532768589
uniswap-v2-bsc,Uniswap V2 (BSC) ,0,0.254397199197626
uniswap-v2-optimism,Uniswap V2 (Optimism),0,0.0
uniswap-v2-polygon,Uniswap V2 (Polygon),0,0.4054248052638272
uniswap_v3,Uniswap V3 (Ethereum),0,14693.900161160484
uniswap_v3_arbitrum,Uniswap V3 (Arbitrum One),0,4003.135423263144
uniswap-v3-avalanche,Uniswap V3 (Avalanche),0,36.00142270086573
uniswap-v3-base,Uniswap V3 (Base),0,1539.0951713946176
uniswap-v3-blast,Uniswap V3 (Blast),0,33.64748464347554
uniswap_v3_celo,Uniswap V3 (Celo),0,61.58756104512121
uniswap_v3_optimism,Uniswap V3 (Optimism),0,438.0642465933362
uniswap_v3_polygon_pos,Uniswap V3 (Polygon),0,851.6576891472721
universal-swaps,UniversalSwaps,0,0.0074194653711844
uniwswap,UniWswap,0,0.000370008501058
upbit,Upbit,1,14068.73345694564
upbit_indonesia,Upbit Indonesia ,1,102.85851434802316
usdfi,USDFI,0,0.0221532148075485
valr,VALR,1,162.2694137509774
valr-futures,VALR Futures,1,0.0
value_liquid_bsc,vSwap BSC,0,0.0
vanillaswap-v2-defimetachain,VanillaSwap V2 (DefiMetaChain),0,0.0
vapordex,VaporDex,0,0.0905327190254185
vapordex-v2,VaporDEX V2,0,0.0469348501589035
velar-stacks,Velar (Stacks),0,0.152053586146175
velocimeter,Velocimeter,0,0.0
velocimeter-base,Velocimeter (Base),0,0.0449279467523098
velocimeter-fantom,Velocimeter (Fantom),0,2.141838891740267
velocimeter_v2,Velocimeter V2,0,0.0084845281033633
velocimeter-v3,Velocimeter V3,0,0.0001378177558242
velocore,Velocore,0,0.008319120710835
velocore-v2-linea,Velocore V2 (Linea),0,0.4475697214536621
velocore-v2-telos,Velocore V2 (Telos),0,0.0001819952915887
velocore-v2-zksync,Velocore V2 (ZkSync),0,0.0054878374496834
velodrome,Velodrome Finance,0,1.028861269743943
velodrome-finance-slipstream,Velodrome SlipStream,0,0.0341278939002613
velodrome-finance-v2,Velodrome Finance v2,0,37.66676355432908
verse,Verse,0,0.1308314400505377
vertex_protocol_derivatives,Vertex (Derivatives),0,0.0
vertex-protocol-spot,Vertex (Spot),0,133.57303410035973
vindax,Vindax,1,27.81967524626806
viridian,Viridian,0,0.0
virtuswap,VirtuSwap,0,0.0263870261605654
virtuswap-arbitrum-one,VirtuSwap (Arbitrum One),0,0.0047156708296319
vitex,ViteX,0,0.208570987174746
voltage_finance,Voltage Finance,0,0.3642839631291848
voltage-finance-v3,Voltage Finance V3,0,1.9176454209829896
voltswap_meter,Voltswap (Meter),0,0.0128676675590274
vvs,VVS Finance,0,123.93941729141338
vvs-v3-ethereum,VVS V3 (Ethereum),0,0.0011589429585777
wagmi-ethereum,WAGMI (Ethereum),0,0.0240687663531682
wagmi-kava,WAGMI (Kava),0,12.030195973286567
wagmi-metis,WAGMI (Metis),0,4.536983262579941
wagmi-zksync,WAGMI (zkSync),0,0.0040940189310214
wagyuswap,WagyuSwap,0,0.0340923530324527
wannaswap,Wannaswap,0,0.0184391837305831
wanswap,WanSwap,0,0.634601338009528
warpgate,WarpGate,0,0.0033337864826443
waultswap_polygon,WaultSwap Polygon,0,0.0
wavelength,Wavelength,0,0.0
waves,WX Network,0,0.1202806298092522
wazirx,WazirX,1,26.954446728115833
web3_world,Web3.World,0,0.0
websea,Websea,1,942.1877249939924
weex,WEEX,1,5176.79660560521
wemix_fi,WEMIX.Fi,0,16.48425500859503
whitebit,WhiteBIT,1,21685.085478558478
whitebit_futures,WhiteBIT Futures,1,0.0
white-whale-chihuahua,White Whale (Chihuahua),0,0.0
white-whale-juno,White Whale (Juno),0,0.0011827165944407
white-whale-migaloo,White Whale (Migaloo),0,0.000254920560816
white_whale_osmosis,White Whale (Osmosis),0,0.0
wigoswap,Wigoswap,0,9.412414934905868
wingriders,WingRiders,0,1.8111832621137232
wombat,Wombat Exchange (BNB),0,0.0
wombat_arbitrum,Wombat (Arbitrum),0,0.0
woofi,WOOFi,0,0.0
woofswap,WoofSwap,0,0.0549765555061419
woofswap-core,WOOFSwap (Core),0,0.0
woo_network_futures,WOO X (Futures),1,0.0
wootrade,WOO X,1,300.29020843034806
xave,Xave Finance,0,0.0
xcad,XCAD DEX,0,0.0
xdx,XDX,0,0.0
xeggex,XeggeX,1,50.877549444843794
xenos-swap,Xenos Swap,0,0.0
xswap,XSwap,0,0.1784443487621183
xswap-v3,XSwap Protocol V3,0,0.0
xt,XT.COM,1,13326.793411319155
xt_derivatives,XT.COM (Derivatives),1,0.0
yobit,YoBit,1,1382.2980608913267
yodeswap,Yodeswap,0,0.0137663823752003
yokaiswap,Yokaiswap,0,0.2841548064494665
yoshi_exchange_bsc,Yoshi.exchange (BSC),0,0.0005437603061422
yoshi_exchange_ftm,Yoshi.exchange (Fantom),0,0.0045804250124036
zaif,Zaif,1,31.855310694693067
zappy,Zappy,0,3.60153055544e-05
zbx,ZBX,1,1.37443741
zebitex,Zebitex,1,0.0398070533127468
zebpay,ZebPay,1,7.048201691064207
zenlink_astar,Zenlink (Astar),0,0.0306415722022219
zenlink_bitfrost_kusama,Zenlink (Bifrost Kusama),0,0.0146142391799548
zenlink_moonbeam,Zenlink (Moonbeam),0,0.094709750543485
zenlink_moonriver,Zenlink (Moonriver),0,0.0088506775216422
zero_ex,0x Protocol,0,0.0
zilswap,ZilSwap,0,0.1441684612940453
zipmex,Zipmex,1,0.0
zipswap,ZipSwap,0,0.0130057965202037
zircon,Zircon,0,0.0
zkera_finance,zkEra Finance,0,0.0
zkera-finance-metis,zkEra Finance (Metis),0,0.0
zkera-finance-telos,zkEra Finance (Telos),0,0.0
zkswap-finance,zkSwap Finance,0,40.41541550714198
zora-energy-swap,Zora Energy Swap,0,0.1709659150404093
zora-energy-swap-v3,Zora Energy Swap V3,0,1.108937279413002
zyberswap,Zyberswap,0,0.0078071596006571
