id,date,channel_id,message,views,image
1346,2024-10-11 16:17:27+00:00,1576726319,"ğŸ“ OFFICIAL PUMP RESULTS Coin : EGG Low : 0.001 High : 0.008 Today we pumped the coin EGG , and absolutely smashed our target again , shooting the coin to the moon . That was a truly beautiful pump ğŸ˜ Massive congratulations everyone once again got another successful week - This is just normal in the life of Pumps Team . Enjoy your gains from today , and we go again very soon . We'll be back next week with another pump . Best ,",41,
1345,2024-10-11 14:00:07+00:00,1576726319,Coin name : â¡ ï¸ egg â¬… ï¸ ğŸ”¥ ğŸ”¥ ğŸ”¥,124,
1344,2024-10-11 13:55:10+00:00,1576726319,âš  ï¸ ğŸš¨ ğŸ”  ğŸ”  ğŸ”  ğŸš¨ âš  ï¸ 5 minutes Exchange : poloniex_CEX Pair : usdt,130,
1343,2024-10-11 13:50:53+00:00,1576726319,âš  ï¸ ğŸš¨ ğŸ”  ğŸ”  ğŸ”  ğŸš¨ âš  ï¸ 10 minutes Exchange : poloniex_CEX Pair : usdt,135,
1342,2024-10-11 13:45:20+00:00,1576726319,âš  ï¸ ğŸš¨ ğŸ”  ğŸ”  ğŸ”  ğŸš¨ âš  ï¸ 15 minutes Exchange : poloniex_CEX Pair : usdt,139,
1340,2024-10-11 13:30:04+00:00,1576726319,âš  ï¸ ğŸš¨ ğŸ”  ğŸ”  ğŸ”  ğŸš¨ âš  ï¸ 30 minutes Exchange : poloniex_CEX Pair : usdt,158,
1339,2024-10-11 13:00:12+00:00,1576726319,âš  ï¸ ğŸš¨ ğŸ”  ğŸ”  ğŸ”  ğŸš¨ âš  ï¸ 1 hour left Exchange : poloniex_CEX Pair : usdt,175,
1338,2024-10-11 12:06:54+00:00,1576726319,âš  ï¸ ğŸš¨ ğŸ”  ğŸ”  ğŸ”  ğŸš¨ âš  ï¸ 2 hour left Exchange : poloniex_CEX Pair : usdt,192,
1337,2024-10-10 13:03:30+00:00,1576726319,"ğŸ’° New Pump Announcement ğŸ’° ğŸ“Š Exchange : poloniex_CEX ğŸ“¢ ğŸ“† Date : 11/10 / 2024 Friday ğŸ”¥ ğŸ•° Time : 2 pm 14 GMT ğŸ¬ ğŸ’µ Pair : USDT ğŸ”¥ Remember you need to have USDT ready in your Poloniex_CEX account to enter the pump . GET READY TO MAKE PROFIT ON Friday . ğŸ“š NEW MEMBERS : Sign up to the Poloniex_CEX exchange , deposit USDT and read our Guide below to prepare . How to buy sell on poloniex_CEX UNKNOWN_URL: telegra Turn on notifications at the channel for not missing the important info about the PUMP ğŸ“±",356,
1336,2024-10-09 23:07:15+00:00,1576726319,"$ BLUM will be listed in Octomber / November 2024 ! 99 % of you haven't started farming yet ... But this strategy bring to you a chance get the biggest Airdrop ever No costs need , spend 5 minutes and earn over $ 10000 Join now You can get free blum LINK TO TELEGRAM GROUP: app?startapp=ref_1Io1rSbXNy",337,
1335,2024-10-09 14:15:43+00:00,1576726319,"Congratulations ğŸ‘ ğŸ‰ ğŸ“ Whale PUMP RESULTS Coin : Voxel Low : 0.11 High : 0.279 Today we pumped the coin Voxel , and absolutely smashed our target again , shooting the coin to the moon . That was a truly beautiful pump ğŸ˜ Massive congratulations everyone once again got another successful week - This is just normal in the life of Pumps Team . Enjoy your gains from today , and we go again very soon . Best ,",395,
1334,2024-10-09 14:00:04+00:00,1576726319,Coin name : â¡ ï¸ voxel â¬… ï¸ ğŸ”¥ ğŸ”¥ ğŸ”¥,355,
1333,2024-10-09 13:55:07+00:00,1576726319,âš  ï¸ ğŸš¨ ğŸ”  ğŸ”  ğŸ”  ğŸš¨ âš  ï¸ 5 minutes Exchange : poloniex_CEX Pair : usdt,364,
1332,2024-10-09 13:45:31+00:00,1576726319,âš  ï¸ ğŸš¨ ğŸ”  ğŸ”  ğŸ”  ğŸš¨ âš  ï¸ 15 minutes Exchange : poloniex_CEX Pair : usdt,383,
1331,2024-10-09 13:30:50+00:00,1576726319,âš  ï¸ ğŸš¨ ğŸ”  ğŸ”  ğŸ”  ğŸš¨ âš  ï¸ 30 minutes Exchange : poloniex_CEX Pair : usdt,400,
1330,2024-10-09 13:00:27+00:00,1576726319,âš  ï¸ ğŸš¨ ğŸ”  ğŸ”  ğŸ”  ğŸš¨ âš  ï¸ 1 hour left Exchange : poloniex_CEX Pair : usdt,407,
1329,2024-10-09 11:00:04+00:00,1576726319,âš  ï¸ â€¼ ï¸ 3 hour left âš  ï¸ â€¼ ï¸ ğŸ”¥ ğŸ”¥ ğŸ”¥ Exchange : poloniex_CEX Pair : usdt,419,
1328,2024-10-08 17:45:26+00:00,1576726319,We are all satoshi,467,
1324,2024-10-07 11:36:24+00:00,1576726319,"ğŸ’° New Pump Announcement ğŸ’° ğŸ“Š Exchange : poloniex_CEX ğŸ“¢ ğŸ“† Date : 9/10 / 2024 Wednesday ğŸ”¥ ğŸ•° Time : 2 pm 14 GMT ğŸ¬ ğŸ’µ Pair : USDT ğŸ”¥ Remember you need to have USDT ready in your Poloniex_CEX account to enter the pump . GET READY TO MAKE PROFIT ON Wednesday . ğŸ“š NEW MEMBERS : Sign up to the Poloniex_CEX exchange , deposit USDT and read our Guide below to prepare . How to buy sell on poloniex_CEX UNKNOWN_URL: telegra Turn on notifications at the channel for not missing the important info about the PUMP ğŸ“±",637,
1320,2024-10-06 17:16:05+00:00,1576726319,511 % PUMPED ğŸ”¥ Congratulations team . Another solid result . More profit . Not bad for 5 minutes on a Sunday ğŸ’°,580,
1319,2024-10-06 17:00:18+00:00,1576726319,Coin name : â¡ ï¸ GFLY â¬… ï¸ ğŸ”¥ ğŸ”¥ ğŸ”¥,555,
1318,2024-10-06 16:55:17+00:00,1576726319,âš  ï¸ â€¼ ï¸ 5 minutes left âš  ï¸ â€¼ ï¸ ğŸ”¥ ğŸ”¥ ğŸ”¥ Next message is the coin name . Buy as fast as possible .,551,
1317,2024-10-06 16:47:56+00:00,1576726319,Next pump after 12 minutes on mexc_CEX keep ready will share big pump â›½,568,
1316,2024-10-06 16:46:59+00:00,1576726319,Congratulations ğŸ‘ ğŸ‰ ğŸ‘,675,
1315,2024-10-06 16:00:03+00:00,1576726319,Coin name : â¡ ï¸ REQ â¬… ï¸ ğŸ”¥ ğŸ”¥ ğŸ”¥,582,
1314,2024-10-06 15:55:26+00:00,1576726319,âš  ï¸ â€¼ ï¸ 5 minutes left âš  ï¸ â€¼ ï¸ ğŸ”¥ ğŸ”¥ ğŸ”¥,620,
1313,2024-10-06 15:45:44+00:00,1576726319,âš  ï¸ â€¼ ï¸ 15 minutes left âš  ï¸ â€¼ ï¸ ğŸ”¥ ğŸ”¥ ğŸ”¥,644,
1312,2024-10-06 15:30:08+00:00,1576726319,âš  ï¸ â€¼ ï¸ 30 minutes left âš  ï¸ â€¼ ï¸ ğŸ”¥ ğŸ”¥ ğŸ”¥,703,
1311,2024-10-06 14:00:14+00:00,1576726319,âš  ï¸ â€¼ ï¸ 2 hour left âš  ï¸ â€¼ ï¸ ğŸ”¥ ğŸ”¥ ğŸ”¥ Exchange : poloniex_CEX Pair : usdt,737,
1305,2024-10-05 20:25:14+00:00,1576726319,"ğŸ’° New Pump Announcement ğŸ’° ğŸ“Š Exchange : poloniex_CEX ğŸ“¢ ğŸ“† Date : 6/10 / 2024 Sunday ğŸ”¥ ğŸ•° Time : 4 pm 16 GMT ğŸ¬ ğŸ’µ Pair : USDT ğŸ”¥ target 130 % to 200 % Remember you need to have USDT ready in your Poloniex_CEX account to enter the pump . GET READY TO MAKE PROFIT ON Sunday . ğŸ“š NEW MEMBERS : Sign up to the Poloniex_CEX exchange , deposit USDT and read our Guide below to prepare . How to buy sell on poloniex_CEX UNKNOWN_URL: telegra Turn on notifications at the channel for not missing the important info about the PUMP ğŸ“±",914,
1302,2024-10-04 17:25:41+00:00,1576726319,300 % today congratulations ğŸ‰ ğŸ‰ ğŸ‘,864,
1301,2024-10-04 17:00:18+00:00,1576726319,Coin name : â¡ ï¸ dgh â¬… ï¸ ğŸ”¥ ğŸ”¥ ğŸ”¥,759,
1299,2024-10-04 16:55:16+00:00,1576726319,âš  ï¸ â€¼ ï¸ 5 minutes left âš  ï¸ â€¼ ï¸ ğŸ”¥ ğŸ”¥ ğŸ”¥ Next message is the coin name . Buy as fast as possible .,798,
1298,2024-10-04 16:50:07+00:00,1576726319,âš  ï¸ â€¼ ï¸ 10 minutes left âš  ï¸ â€¼ ï¸ ğŸ”¥ ğŸ”¥ ğŸ”¥,823,
1297,2024-10-04 16:30:01+00:00,1576726319,âš  ï¸ â€¼ ï¸ 30 minutes left âš  ï¸ â€¼ ï¸ ğŸ”¥ ğŸ”¥ ğŸ”¥,1348,
1295,2024-10-04 16:00:36+00:00,1576726319,âš  ï¸ â€¼ ï¸ 1 hour left âš  ï¸ â€¼ ï¸ ğŸ”¥ ğŸ”¥ ğŸ”¥ Exchange : mexc_CEX Pair : usdt,1375,
1294,2024-10-04 15:15:38+00:00,1576726319,Code BLUM today : MEMEBLUM,1390,
1293,2024-10-04 15:00:02+00:00,1576726319,âš  ï¸ â€¼ ï¸ 2 hours left âš  ï¸ â€¼ ï¸ ğŸ”¥ ğŸ”¥ ğŸ”¥ Exchange : mexc_CEX Pair : usdt,1392,
1292,2024-10-04 13:22:42+00:00,1576726319,Get ready today time 5 pm 17 gmt ğŸ”¥ Exchange ğŸ’± mexc_CEX,1419,
1282,2024-10-02 17:07:15+00:00,1576726319,âš  ï¸ â€¼ ï¸ 48 hours left âš  ï¸ â€¼ ï¸ ğŸ”¥ ğŸ”¥ ğŸ”¥ Exchange : mexc_CEX Pair : usdt,1307,
1277,2024-10-01 23:21:52+00:00,1576726319,ğŸš€ PUMP ANNOUNCEMENT ğŸ“… DATE : Friday 4th October â° TIME : 5pm 17 GMT ğŸ“ˆ Exchange : Mexc_CEX ğŸª™ PAIR : USDT Remember to read the UNKNOWN_URL: telegra below if it's your first time pumping with us .,2455,
1272,2024-09-30 16:18:27+00:00,1576726319,"$ BLUM will be listed in Octomber / November 2024 ! 99 % of you haven't started farming yet ... But this strategy bring to you a chance get the biggest Airdrop ever No costs need , spend 5 minutes and earn over $ 10000 Join now You can get free blum LINK TO TELEGRAM GROUP: app?startapp=ref_1Io1rSbXNy",2331,
1257,2024-09-29 21:05:01+00:00,1576726319,All $ BLUM Codes here ğŸ‘‡ ğŸ‘‡ ğŸ‘‡ Q - $ 2.5 M + DOGS Airdrop Code - Happydogs Q - Liquidity Pools Guide Code - Blumersss Q - Secure Your Crypto Code - Best project ever Q - Forks Explained Code - Go get Q - How to Analyze Crypto ? Code - Value Q - What Are AMMs ? Code - Cryptosmart Q - Say No to Rug Pull ! Code - Superblum Q - What Are Telegram Mini Apps Code - Cryptoblum Q - Navigating Crypto Code - Heyblum,4074,
1054,2024-09-08 17:42:58+00:00,1576726319,"ğŸ’¸ OFFICIAL PUMP RESULT : Exchange : MEXC_CEX Coin : STORAGE Low : 0.0036 High : 0.0237 Peak Gain : 558 % A rapid rise to our peak , then a short 1-2 minute float above 300 % providing everyone today with opportunities for 3-6 x profit . We did it again . Next week we're getting back to major rises where we'll hit 1000 % . Something BIG awaits us . Congratulations all . See you next week for the big one . ğŸ¤ ğŸ¤ ğŸ¤",24277,
1053,2024-09-08 17:00:31+00:00,1576726319,Coin name : â¡ ï¸ storage â¬… ï¸ ğŸ”¥ ğŸ”¥ ğŸ”¥,12118,
1052,2024-09-08 16:55:02+00:00,1576726319,âš  ï¸ â€¼ ï¸ 5 minutes left âš  ï¸ â€¼ ï¸ ğŸ”¥ ğŸ”¥ ğŸ”¥,9346,
1050,2024-09-08 16:30:48+00:00,1576726319,âš  ï¸ â€¼ ï¸ 30 minutes left âš  ï¸ â€¼ ï¸ ğŸ”¥ ğŸ”¥ ğŸ”¥,9453,
1047,2024-09-08 15:00:04+00:00,1576726319,âš  ï¸ â€¼ ï¸ 2 hours left âš  ï¸ â€¼ ï¸ ğŸ”¥ ğŸ”¥ ğŸ”¥ Exchange : mexc_CEX Pair : usdt Remember - today's pump is on the Mexc_CEX exchange . You MUST sign up to Mexc_CEX and have USDT ready in your â€œ spot â€ wallet to join in today's profit making event . Get ready to make profit very soon .,12995,
1046,2024-09-08 12:00:02+00:00,1576726319,âš  ï¸ â€¼ ï¸ 5 hours left âš  ï¸ â€¼ ï¸ ğŸ”¥ ğŸ”¥ ğŸ”¥ Exchange : mexc_CEX Pair : usdt,12199,
1042,2024-09-06 17:00:05+00:00,1576726319,ğŸš€ PUMP ANNOUNCEMENT ğŸ“… DATE : SUNDAY 8th September â° TIME : 5pm 17 GMT ğŸ“ˆ Exchange : Mexc_CEX ğŸª™ PAIR : USDT Remember to read the UNKNOWN_URL: telegra below if it's your first time pumping with us .,11378,
1041,2024-09-06 16:21:17+00:00,1576726319,"Price is holding up extremely well with massive volume , 300 % Congratulations ğŸ‘ ğŸ‰ ğŸ‰ ğŸ‰ on the profits ! PEL reached a high of 300 % after our signal ( on MEXC_CEX ) , giving all our members multiple opportunities to book huge gains . Even though the percentage gain wasn't what we expected due to BTC dumping and bearish market conditions , we saw that our market dominance is stronger than ever , and we're ready for something bigger â€¦ We've planning something bigger than anything seen before , and as always our members will be the fist ones to know . If everything is executed as expected , profits will be unimaginable . Stay tuned",10351,
1040,2024-09-06 16:00:34+00:00,1576726319,Coin name : â¡ ï¸ pel â¬… ï¸ ğŸ”¥ ğŸ”¥ ğŸ”¥,10240,
1039,2024-09-06 15:45:24+00:00,1576726319,âš  ï¸ â€¼ ï¸ 15 minutes left âš  ï¸ â€¼ ï¸ ğŸ”¥ ğŸ”¥ ğŸ”¥,9595,
1038,2024-09-06 15:00:03+00:00,1576726319,âš  ï¸ â€¼ ï¸ 1 hours left âš  ï¸ â€¼ ï¸ ğŸ”¥ ğŸ”¥ ğŸ”¥ Exchange : mexc_CEX Pair : usdt,10534,
1037,2024-09-06 13:06:09+00:00,1576726319,âš  ï¸ â€¼ ï¸ 3 hours left âš  ï¸ â€¼ ï¸ ğŸ”¥ ğŸ”¥ ğŸ”¥ Exchange : mexc_CEX Pair : usdt,12047,
1034,2024-09-05 13:14:17+00:00,1576726319,ğŸš€ PUMP ANNOUNCEMENT ğŸ“… DATE : Friday 6th September â° TIME : 4pm 16 GMT ğŸ“ˆ Exchange : Mexc_CEX ğŸª™ PAIR : USDT Remember to read the guide below if it's your first time pumping with us .,16011,
1033,2024-09-04 17:58:30+00:00,1576726319,"ğŸ’¸ OFFICIAL PUMP RESULT : Exchange : MEXC_CEX Coin : BVG Low : 0.04695 High : 0.75 Peak Gain : 1496 % Wow . We just made a ton of profit team ğŸ˜§ . What an incredible pump that was , such a smooth ride up to an insane peak of 1500 % , but more importantly floating around the 900-1000 % mark for a super long time , almost over a full minute . INSANE . SO MUCH STRENGTH . They can't stop us . We control the markets . We are the inside . See you soon â€¦",16435,
1032,2024-09-04 17:00:24+00:00,1576726319,Coin name : â¡ ï¸ bvg â¬… ï¸ ğŸ”¥ ğŸ”¥ ğŸ”¥,9696,
1031,2024-09-04 16:50:09+00:00,1576726319,âš  ï¸ â€¼ ï¸ 10 minutes left âš  ï¸ â€¼ ï¸ ğŸ”¥ ğŸ”¥ ğŸ”¥ Target + 1000 %,6494,
1030,2024-09-04 16:30:06+00:00,1576726319,âš  ï¸ â€¼ ï¸ 30 minutes left âš  ï¸ â€¼ ï¸ ğŸ”¥ ğŸ”¥ ğŸ”¥ Target + 1000 %,10384,
1029,2024-09-04 15:00:12+00:00,1576726319,âš  ï¸ â€¼ ï¸ 2 hours left âš  ï¸ â€¼ ï¸ ğŸ”¥ ğŸ”¥ ğŸ”¥ Exchange : mexc_CEX Pair : usdt,11699,
1028,2024-09-04 13:00:03+00:00,1576726319,âš  ï¸ â€¼ ï¸ 4 hours left âš  ï¸ â€¼ ï¸ ğŸ”¥ ğŸ”¥ ğŸ”¥ Exchange : mexc_CEX Pair : usdt,11182,
1026,2024-09-03 22:28:26+00:00,1576726319,ğŸš€ PUMP ANNOUNCEMENT ğŸ“… DATE : WEDNESDAY 4th September â° TIME : 5pm 17 GMT ğŸ“ˆ Exchange : Mexc_CEX ğŸª™ PAIR : USDT Remember to read the guide below if it's your first time pumping with us . Will make big pump tommorw,9945,
981,2024-08-25 16:19:54+00:00,1576726319,"OFFICIAL PUMP RESULTS âœ… Coin : REQ START PRICE : 0.0801 HIGH PRICE : 0.843 ~ 1000 % % ğŸ”¥ Today we pumped the coin REQ and absolutely smashed our target again , shooting the coin to the moon . That was a truly beautiful pump ğŸ˜ Massive congratulations everyone once again got another successful week - This is just normal in the life of our channel . Enjoy your gains from today , and we go again very soon . We'll be back soon with another pump . Best , wishes",6499,
980,2024-08-25 14:00:01+00:00,1576726319,Coin name : â¡ ï¸ REQ â¬… ï¸ ğŸ”¥ ğŸ”¥ ğŸ”¥,5678,
978,2024-08-25 13:30:13+00:00,1576726319,âš  ï¸ â€¼ ï¸ 30 minutes left âš  ï¸ â€¼ ï¸,5428,
977,2024-08-25 13:00:05+00:00,1576726319,âš  ï¸ â€¼ ï¸ 1 hours left âš  ï¸ â€¼ ï¸,6106,
975,2024-08-24 14:08:20+00:00,1576726319,âš  ï¸ â€¼ ï¸ 24 hours left âš  ï¸ â€¼ ï¸ Exchange : poloniex_CEX Pair : usdt,4004,
971,2024-08-22 23:39:37+00:00,1576726319,"ğŸ’° New Pump Announcement ğŸ’° ğŸ“Š Exchange : poloniex_CEX ğŸ“¢ ğŸ“† Date : 25/8 / 2024 Sunday ğŸ”¥ ğŸ•° Time : 2 pm 14 GMT ğŸ¬ ğŸ’µ Pair : USDT ğŸ”¥ target 1300 % to 2000 % Remember you need to have USDT ready in your Poloniex_CEX account to enter the pump . GET READY TO MAKE PROFIT ON Sunday . ğŸ“š NEW MEMBERS : Sign up to the Poloniex_CEX exchange , deposit USDT and read our Guide below to prepare . How to buy sell on poloniex_CEX UNKNOWN_URL: telegra Turn on notifications at the channel for not missing the important info about the PUMP ğŸ“±",3929,
970,2024-08-22 14:27:15+00:00,1576726319,"OFFICIAL PUMP RESULTS âœ… Coin : HIGH START PRICE : 0.9940 HIGH PRICE : 9.99 ~ 1000 % % ğŸ”¥ Today we pumped the coin HIGH and absolutely smashed our target again , shooting the coin to the moon . That was a truly beautiful pump ğŸ˜ Massive congratulations everyone once again got another successful week - This is just normal in the life of our channel . Enjoy your gains from today , and we go again very soon . We'll be back soon with another pump . Best , wishes",4590,
968,2024-08-22 14:00:02+00:00,1576726319,Coin name : â¡ ï¸ high â¬… ï¸ ğŸ”¥ ğŸ”¥ ğŸ”¥,3730,
966,2024-08-22 13:50:02+00:00,1576726319,âš  ï¸ â€¼ ï¸ 10 minutes left âš  ï¸ â€¼ ï¸,3165,
965,2024-08-22 13:00:05+00:00,1576726319,âš  ï¸ â€¼ ï¸ 1 hours left âš  ï¸ â€¼ ï¸,4355,
964,2024-08-22 12:00:49+00:00,1576726319,âš  ï¸ â€¼ ï¸ 2 hours left âš  ï¸ â€¼ ï¸ Exchange : poloniex_CEX Pair : usdt,3902,
963,2024-08-22 02:00:02+00:00,1576726319,âš  ï¸ â€¼ ï¸ 12 hours left âš  ï¸ â€¼ ï¸ Exchange : poloniex_CEX Pair : usdt,4016,
962,2024-08-21 21:52:22+00:00,1576726319,"! ï¸ ! ï¸ ! ï¸ ATTENTION ! ï¸ ! ï¸ ! ï¸ Steps you need to follow to join Thursday pump : 1You need to have an account on poloniex_CEX and download the app for best experience . 2You need to transfer USDT to poloniex_CEX and keep USDT ğŸ’² in your Spot account balance . 3You need to be waiting and ready for pump , with search ready . Once we write the name of the coin , you need to be fast and buy quickly . 4While we hold the coin price up , the pump will attract members from outside our group , making the price to surge . @USER â­ ï¸",4051,
961,2024-08-21 14:00:13+00:00,1576726319,âš  ï¸ â€¼ ï¸ 24 hours left âš  ï¸ â€¼ ï¸ Exchange : poloniex_CEX Pair : usdt,3866,
957,2024-08-20 17:06:49+00:00,1576726319,"ğŸ’° New Pump Announcement ğŸ’° ğŸ“Š Exchange : poloniex_CEX ğŸ“¢ ğŸ“† Date : 22/8 / 2024 Thursday ğŸ”¥ ğŸ•° Time : 2 pm 14 GMT ğŸ¬ ğŸ’µ Pair : USDT ğŸ”¥ target 1100 % to 1800 % Remember you need to have USDT ready in your Poloniex_CEX account to enter the pump . GET READY TO MAKE PROFIT ON Thursday . ğŸ“š NEW MEMBERS : Sign up to the Poloniex_CEX exchange , deposit USDT and read our Guide below to prepare . How to buy sell on poloniex_CEX UNKNOWN_URL: telegra Turn on notifications at the channel for not missing the important info about the PUMP ğŸ“±",5043,
955,2024-08-20 14:28:03+00:00,1576726319,"OFFICIAL PUMP RESULTS âœ… Coin : stmx START PRICE : 0.005709 usdt HIGH PRICE : 0.0298 USDT ~ 450 % % â¤ ï¸â€ğŸ”¥ Today we pumped the coin stmx and absolutely smashed our target again , shooting the coin to the moon . That was a truly beautiful pump ğŸ˜ Massive congratulations everyone once again got another successful week - This is just normal in the life of our channel . Enjoy your gains from today , and we go again very soon . We'll be back soon with another pump . Best , wishes",4304,
954,2024-08-20 14:00:01+00:00,1576726319,Coin name : â¡ ï¸ STMX â¬… ï¸ ğŸ”¥ ğŸ”¥ ğŸ”¥,4618,
952,2024-08-20 13:50:20+00:00,1576726319,âš  ï¸ â€¼ ï¸ 10 minutes left âš  ï¸ â€¼ ï¸ Exchange : Poloniex_CEX Pair : usdt,6400,
951,2024-08-20 13:00:09+00:00,1576726319,âš  ï¸ â€¼ ï¸ 1 hours left âš  ï¸ â€¼ ï¸ Exchange : poloniex_CEX Pair : usdt,4633,
950,2024-08-20 11:00:18+00:00,1576726319,âš  ï¸ â€¼ ï¸ 3 hours left âš  ï¸ â€¼ ï¸ Exchange : poloniex_CEX Pair : usdt,4184,
948,2024-08-19 14:00:06+00:00,1576726319,âš  ï¸ â€¼ ï¸ 24 hours left âš  ï¸ â€¼ ï¸ Exchange : poloniex_CEX Pair : usdt,4659,
946,2024-08-18 22:33:40+00:00,1576726319,"ğŸ’° New Pump Announcement ğŸ’° ğŸ“Š Exchange : poloniex_CEX ğŸ“¢ ğŸ“† Date : 20/8 / 2024 Tuesday ğŸ”¥ ğŸ•° Time : 2 pm 14 GMT ğŸ¬ ğŸ’µ Pair : USDT ğŸ”¥ target 1100 % to 1800 % Remember you need to have USDT ready in your Poloniex_CEX account to enter the pump . GET READY TO MAKE PROFIT ON Tuesday . ğŸ“š NEW MEMBERS : Sign up to the Poloniex_CEX exchange , deposit USDT and read our Guide below to prepare . How to buy sell on poloniex_CEX UNKNOWN_URL: telegra Turn on notifications at the channel for not missing the important info about the PUMP ğŸ“±",6285,
916,2024-08-11 14:15:28+00:00,1576726319,1100 Ùª congratulations ğŸ‘ ğŸ‰ ğŸ‰,4672,
915,2024-08-11 14:00:01+00:00,1576726319,Coin name : â¡ ï¸ polis â¬… ï¸ ğŸ”¥ ğŸ”¥ ğŸ”¥,3508,
914,2024-08-11 13:55:02+00:00,1576726319,* * âš  ï¸ â€¼ ï¸ 5 minutes âš  ï¸ â€¼ ï¸ Exchange : Poloniex_CEX Pair : usdt * *,2962,
913,2024-08-11 13:30:06+00:00,1576726319,âš  ï¸ â€¼ ï¸ 30 minutes âš  ï¸ â€¼ ï¸ Exchange : Poloniex_CEX Pair : usdt,2976,
912,2024-08-11 13:00:10+00:00,1576726319,âš  ï¸ â€¼ ï¸ 1 hours left âš  ï¸ â€¼ ï¸ Exchange : Poloniex_CEX Pair : usdt,3637,
911,2024-08-11 12:00:04+00:00,1576726319,âš  ï¸ â€¼ ï¸ 2 hours left âš  ï¸ â€¼ ï¸ Exchange : Poloniex_CEX Pair : usdt,3660,
909,2024-08-10 14:00:08+00:00,1576726319,âš  ï¸ â€¼ ï¸ 24 hours left âš  ï¸ â€¼ ï¸ Exchange : Poloniex_CEX Pair : usdt,3636,
906,2024-08-09 16:11:21+00:00,1576726319,"ğŸ’° New Pump Announcement ğŸ’° ğŸ“Š Exchange : poloniex_CEX ğŸ“¢ ğŸ“† Date : 11/8 / 2024 Sunday ğŸ”¥ ğŸ•° Time : 2 pm 14 GMT ğŸ¬ ğŸ’µ Pair : USDT ğŸ”¥ ğŸ¯ Target : 1100 % to 1900 % ğŸ¬ We're BACK this Sunday it's going to be a HUGE pump on the poloniex_CEX exchange . Remember you need to have USDT ready in your Poloniex_CEX account to enter the pump . GET READY TO MAKE PROFIT ON Sunday . ğŸ“š NEW MEMBERS : Sign up to the Poloniex_CEX exchange , deposit USDT and read our Guide below to prepare . Turn on notifications at the channel for not missing the important info about the PUMP ğŸ“±",4231,
904,2024-08-09 14:38:26+00:00,1576726319,"OFFICIAL PUMP RESULTS âœ… Coin : ILV START PRICE : 37 usdt HIGH PRICE : 179 USDT Today we pumped the coin ILV and absolutely smashed our target again , shooting the coin to the moon . That was a truly beautiful pump ğŸ˜ Massive congratulations everyone once again got another successful week - This is just normal in the life of our channel . Enjoy your gains from today , and we go again very soon . We'll be back soon with another pump . Best , wishes",3147,
903,2024-08-09 14:00:01+00:00,1576726319,Coin name : â¡ ï¸ iLV â¬… ï¸ ğŸ”¥ ğŸ”¥ ğŸ”¥,3046,
902,2024-08-09 13:55:01+00:00,1576726319,âš  ï¸ â€¼ ï¸ 5 minutes âš  ï¸ â€¼ ï¸,3087,
901,2024-08-09 13:45:32+00:00,1576726319,âš  ï¸ â€¼ ï¸ 15 minutes âš  ï¸ â€¼ ï¸,3204,
899,2024-08-09 13:00:04+00:00,1576726319,âš  ï¸ â€¼ ï¸ 1 hours left âš  ï¸ â€¼ ï¸ Exchange : Poloniex_CEX Pair : usdt,3285,
898,2024-08-09 09:00:22+00:00,1576726319,âš  ï¸ â€¼ ï¸ 5 hours left âš  ï¸ â€¼ ï¸ Exchange : Poloniex_CEX Pair : usdt,3288,
894,2024-08-08 14:00:02+00:00,1576726319,âš  ï¸ â€¼ ï¸ 24 hours left âš  ï¸ â€¼ ï¸ Exchange : Poloniex_CEX Pair : usdt,3491,
887,2024-08-06 11:20:20+00:00,1576726319,"ğŸ’° New Pump Announcement ğŸ’° ğŸ“Š Exchange : poloniex_CEX ğŸ“¢ ğŸ“† Date : 9/8 / 2024 Friday ğŸ”¥ ğŸ•° Time : 2 pm 14 GMT ğŸ¬ ğŸ’µ Pair : USDT ğŸ”¥ ğŸ¯ Target : 1100 % to 1900 % ğŸ¬ We're BACK this Sunday it's going to be a HUGE pump on the poloniex_CEX exchange . The last pump was insane , smashed 1944 % peak gain again and we held a 19x pump for over a minute . This week we are going to go even BIGGER . Remember you need to have USDT ready in your Poloniex_CEX account to enter the pump . GET READY TO MAKE PROFIT ON Sunday . ğŸ“š NEW MEMBERS : Sign up to the Poloniex_CEX exchange , deposit USDT and read our Guide below to prepare . Turn on notifications at the channel for not missing the important info about the PUMP ğŸ“±",4259,
884,2024-08-04 14:20:17+00:00,1576726319,"Congratulations ğŸ‘ ğŸ‰ ğŸ‰ ğŸ‰ 1900 % OFFICIAL PUMP RESULTS âœ… Coin : hammy START PRICE : 0.01 usdt HIGH PRICE : 0.245 USDT ~ 1900 % ğŸ”¥ Today we pumped the coin hammy and absolutely smashed our target again , shooting the coin to the moon . That was a truly beautiful pump ğŸ˜ Massive congratulations everyone once again got another successful week - This is just normal in the life of our channel . Enjoy your gains from today , and we go again very soon . We'll be back soon with another pump . Best , wishes",3309,
883,2024-08-04 14:00:01+00:00,1576726319,Coin name : â¡ ï¸ HAMMY â¬… ï¸ ğŸ”¥ ğŸ”¥ ğŸ”¥,3256,
882,2024-08-04 13:55:02+00:00,1576726319,5 minute left,2838,
881,2024-08-04 13:45:10+00:00,1576726319,âš  ï¸ â€¼ ï¸ 15 minutes in our left âš  ï¸ â€¼ ï¸ Exchange : poloniex_CEX,2819,
880,2024-08-04 13:00:28+00:00,1576726319,âš  ï¸ â€¼ ï¸ 1 hour left in our pump âš  ï¸ â€¼ ï¸ Exchange : poloniex_CEX,3034,
879,2024-08-04 12:01:23+00:00,1576726319,âš  ï¸ â€¼ ï¸ 2 hours Left âš  ï¸ â€¼ ï¸ Exchange : poloniex_CEX,3505,
878,2024-08-04 10:03:03+00:00,1576726319,âš  ï¸ â€¼ ï¸ 4 hour left âš  ï¸ â€¼ ï¸ Exchange : poloniex_CEX,3141,
875,2024-08-03 14:04:20+00:00,1576726319,âš  ï¸ â€¼ ï¸24 hour left âš  ï¸ â€¼ ï¸ Exchange : Poloniex_CEX Pair : usdt Target minimum 900 %,2649,
873,2024-08-02 22:14:28+00:00,1576726319,"ğŸ’° New Pump Announcement ğŸ’° ğŸ“Š Exchange : poloniex_CEX ğŸ“¢ ğŸ“† Date : 4/8 / 2024 Sunday ğŸ”¥ ğŸ•° Time : 2 pm 14 GMT ğŸ¬ ğŸ’µ Pair : USDT ğŸ”¥ ğŸ¯ Target : 700 % to 1300 % ğŸ¬ We're BACK this Sunday it's going to be a HUGE pump on the poloniex_CEX exchange . The last pump was insane , smashed 1288 % peak gain again and we held a 6x pump for over a minute . This week we are going to go even BIGGER . Remember you need to have USDT ready in your Poloniex_CEX account to enter the pump . GET READY TO MAKE PROFIT ON Sunday . ğŸ“š NEW MEMBERS : Sign up to the Poloniex_CEX exchange , deposit USDT and read our Guide below to prepare . Turn on notifications at the channel for not missing the important info about the PUMP ğŸ“±",3523,
871,2024-08-02 15:21:29+00:00,1576726319,"1288 % congratulations ğŸ‘ ğŸ‰ ğŸ‰ OFFICIAL PUMP RESULTS âœ… ï¸ Coin : EGG START PRICE : 0.0004 usdt HIGH PRICE : 0.005 USDT ~ 1288 % ğŸ”¥ Today we pumped the coin EGG and absolutely smashed our target again , shooting the coin to the moon . That was a truly beautiful pump ğŸ˜ Massive congratulations everyone once again got another successful week - This is just normal in the life of our channel . Enjoy your gains from today , and we go again very soon . We'll be back soon with another pump . Best , wishes",4413,
870,2024-08-02 15:00:04+00:00,1576726319,Coin name : â¡ ï¸ egg â¬… ï¸ ğŸ”¥ ğŸ”¥ ğŸ”¥,4827,
869,2024-08-02 14:50:04+00:00,1576726319,1 ğŸ”¤ ğŸ”¤ ğŸ”¤ ğŸ”¤ âš  ï¸,4342,
868,2024-08-02 14:30:01+00:00,1576726319,âš  ï¸ â€¼ ï¸30 ğŸ”¤ ğŸ”¤ ğŸ”¤ âš  ï¸ â€¼ ï¸,4730,
866,2024-08-02 14:00:03+00:00,1576726319,âš  ï¸ â€¼ ï¸ 1 ğŸ”¤ ğŸ”¤ ğŸ”¤ âš  ï¸ â€¼ ï¸ Exchange : Poloniex_CEX Pair : usdt Target 700 % to 1200 %,3268,
865,2024-08-02 11:00:44+00:00,1576726319,âš  ï¸ â€¼ ï¸ 4 ğŸ”¤ ğŸ”¤ ğŸ”¤ âš  ï¸ â€¼ ï¸ Exchange : Poloniex_CEX Pair : usdt Target 700 % to 1200 %,4069,
862,2024-08-01 15:00:01+00:00,1576726319,âš  ï¸ â€¼ ï¸ 24 ğŸ”¤ ğŸ”¤ ğŸ”¤ âš  ï¸ â€¼ ï¸ Exchange : Poloniex_CEX Pair : usdt Target 700 % to 1200 %,4646,
850,2024-07-30 17:12:25+00:00,1576726319,âš  ï¸ â€¼ ï¸ PUMP ANNOUNCEMENT âš  ï¸ â€¼ ï¸ ğŸ“… DATE : friday 2/8 / 2024 â° TIME : 15 pm GMT ğŸ“ˆ Exchange : Poloniex_CEX ğŸª™ PAIR : USDT ğŸ’° Exp Growth : 700 % to 1200 % + Sign up on Poloniex_CEX poloniex_CEX ğŸ“š HOW TO BUY SELL ON POLONIEX_CEX ğŸ“š UNKNOWN_URL: telegra Any questions ? @USER,8244,
848,2024-07-30 14:35:49+00:00,1576726319,Congratulations ğŸ‰ ğŸ‰ ğŸ‡,6074,
847,2024-07-30 14:34:08+00:00,1576726319,"OFFICIAL PUMP RESULTS âœ… Coin : wlkn START PRICE : 0.0021 usdt HIGH PRICE : 0.01961 USDT ğŸ™ˆ ğŸ™ˆ ğŸ™ˆ Today we pumped the coin wlkn and absolutely smashed our target again , shooting the coin to the moon . That was a truly beautiful pump ğŸ˜ Massive congratulations everyone once again got another successful week - This is just normal in the life of our channel . Enjoy your gains from today , and we go again very soon . We'll be back soon with another pump .",5901,
846,2024-07-30 14:00:04+00:00,1576726319,Coin name : â¡ ï¸ WLKN â¬… ï¸ ğŸ”¥ ğŸ”¥ ğŸ”¥,4848,
845,2024-07-30 13:50:42+00:00,1576726319,1 ğŸ”¤ ğŸ”¤ ğŸ”¤ ğŸ”¤ âš  ï¸,3871,
844,2024-07-30 13:00:08+00:00,1576726319,âš  ï¸ â€¼ ï¸ 1 ğŸ”¤ ğŸ”¤ ğŸ”¤ âš  ï¸ â€¼ ï¸ Exchange : Poloniex_CEX Pair : usdt Target ğŸ¯ 600 % to 1200 %,3695,
843,2024-07-30 12:00:40+00:00,1576726319,âš  ï¸ â€¼ ï¸ 2 ğŸ”¤ ğŸ”¤ ğŸ”¤ âš  ï¸ â€¼ ï¸ Exchange : Poloniex_CEX Pair : usdt Target ğŸ¯ 600 % to 1200 %,3278,
839,2024-07-29 14:23:39+00:00,1576726319,âš  ï¸ â€¼ ï¸ 1 ğŸ”¤ ğŸ”¤ ğŸ”¤ âš  ï¸ â€¼ ï¸ Exchange : Poloniex_CEX Pair : usdt Target ğŸ¯ 600 % to 1200 %,4093,
836,2024-07-28 14:42:53+00:00,1576726319,âš  ï¸ â€¼ ï¸ PUMP ANNOUNCEMENT âš  ï¸ â€¼ ï¸ ğŸ“… DATE : Tuesday 30 July 2024 â° TIME : 14 pm GMT ğŸ“ˆ Exchange : Poloniex_CEX ğŸª™ PAIR : USDT ğŸ’° Exp Growth : 600 % to 1200 % + Sign up on Poloniex_CEX poloniex_CEX ğŸ“š HOW TO BUY SELL ON POLONIEX_CEX ğŸ“š UNKNOWN_URL: telegra,3510,
825,2024-07-26 17:08:03+00:00,1576726319,Congratulations ğŸ‰ ğŸ‰,2398,
824,2024-07-26 16:00:05+00:00,1576726319,Coin name : â¡ ï¸ CLV â¬… ï¸ ğŸ”¥ ğŸ”¥ ğŸ”¥,2214,
822,2024-07-26 15:50:05+00:00,1576726319,âš  ï¸ â€¼ ï¸ 10 minutes left âš  ï¸ â€¼ ï¸,2393,
820,2024-07-26 15:30:10+00:00,1576726319,30 ğŸ”¤ ğŸ”¤ ğŸ”¤ âš  ï¸,2434,
818,2024-07-26 15:00:17+00:00,1576726319,âš  ï¸ â€¼ ï¸ 1 ğŸ”¤ ğŸ”¤ ğŸ”¤ âš  ï¸ â€¼ ï¸,2418,
816,2024-07-26 10:08:20+00:00,1576726319,âš  ï¸ â€¼ ï¸ 6 ğŸ”¤ ğŸ”¤ ğŸ”¤ âš  ï¸ â€¼ ï¸,2514,
812,2024-07-25 16:00:04+00:00,1576726319,âš  ï¸ â€¼ ï¸ 24 ğŸ”¤ ğŸ”¤ ğŸ”¤ âš  ï¸ â€¼ ï¸ Exchange : Poloniex_CEX Pair : usdt Target minimum 900 %,2261,
808,2024-07-23 22:30:06+00:00,1576726319,âš  ï¸ â€¼ ï¸ PUMP ANNOUNCEMENT âš  ï¸ â€¼ ï¸ ğŸ“… DATE : Friday 26 July 2024 â° TIME : 16 pm GMT ğŸ“ˆ Exchange : Poloniex_CEX ğŸª™ PAIR : USDT ğŸ’° Exp Growth : 900 % +,2533,
807,2024-07-23 17:28:05+00:00,1576726319,Congratulations ğŸ‘ ğŸ‰ ğŸ‰ ğŸ‰,2468,
806,2024-07-23 17:00:15+00:00,1576726319,Coin name : â¡ ï¸ voxel â¬… ï¸ ğŸ”¥ ğŸ”¥ ğŸ”¥,2223,
800,2024-07-23 05:00:49+00:00,1576726319,âš  ï¸ â€¼ ï¸ 12 ğŸ”¤ ğŸ”¤ ğŸ”¤ âš  ï¸ â€¼ ï¸ Exchange : Poloniex_CEX Pair : usdt Target minimum 900 %,3274,
798,2024-07-22 17:00:02+00:00,1576726319,âš  ï¸ â€¼ ï¸ 24 ğŸ”¤ ğŸ”¤ ğŸ”¤ âš  ï¸ â€¼ ï¸ Exchange : Poloniex_CEX Pair : usdt Target minimum 900 %,3726,
796,2024-07-20 17:00:08+00:00,1576726319,âš  ï¸ â€¼ ï¸ 3 ğŸ”¤ ğŸ”¤ ğŸ”¤ âš  ï¸ â€¼ ï¸,2509,
795,2024-07-20 13:51:02+00:00,1576726319,âš  ï¸ â€¼ ï¸ PUMP ANNOUNCEMENT âš  ï¸ â€¼ ï¸ ğŸ“… DATE : Tuesday 23 July 2024 â° TIME : 17 pm GMT ğŸ“ˆ Exchange : Poloniex_CEX ğŸª™ PAIR : USDT ğŸ’° Exp Growth : 900 % +,2491,
790,2024-07-19 17:00:02+00:00,1576726319,Coin name : â¡ ï¸ ZRS â¬… ï¸ ğŸ”¥ ğŸ”¥ ğŸ”¥,2173,
789,2024-07-19 16:55:04+00:00,1576726319,5 ğŸ”¤ ğŸ”¤ ğŸ”¤ âš  ï¸,1895,
786,2024-07-19 16:10:15+00:00,1576726319,50 ğŸ”¤ ğŸ”¤ ğŸ”¤ âš  ï¸,1877,
785,2024-07-19 15:00:28+00:00,1576726319,âš  ï¸ â€¼ ï¸ 2 ğŸ”¤ ğŸ”¤ ğŸ”¤ âš  ï¸ â€¼ ï¸,2294,
783,2024-07-19 10:00:13+00:00,1576726319,âš  ï¸ â€¼ ï¸ 7 ğŸ”¤ ğŸ”¤ ğŸ”¤ âš  ï¸ â€¼ ï¸,1975,
782,2024-07-18 17:00:04+00:00,1576726319,âš  ï¸ â€¼ ï¸ 24 ğŸ”¤ ğŸ”¤ ğŸ”¤ âš  ï¸ â€¼ ï¸,2152,
776,2024-07-16 23:14:56+00:00,1576726319,ğŸ’¬ PUMP ANNOUNCEMENT ğŸ’¬ ğŸ“… DATE : Friday 19 July 2024 â° TIME : 17 pm GMT ğŸ“ˆ Exchange : mexc_CEX ğŸª™ PAIR : USDT ğŸ’° Exp Growth : 800 % + Last pump 650 % ğŸ”” Turn on notifications at the channel for not missing the important info about the PUMP . ğŸ—£ Any questions ? @USER,2264,
775,2024-07-16 18:14:39+00:00,1576726319,Congratulations ğŸ‰ ğŸ‰,2040,
774,2024-07-16 17:00:02+00:00,1576726319,Coin name : â¡ ï¸ high â¬… ï¸ ğŸ”¥ ğŸ”¥ ğŸ”¥,2316,
773,2024-07-16 16:50:42+00:00,1576726319,10 ğŸ”¤ ğŸ”¤ ğŸ”¤ â³ Exchange : Poloniex_CEX Pair : usdt Target minimum 900 % to 1500 % âš  ï¸ ğŸ”” Turn on notifications at the channel for not missing the important info about the PUMP . ğŸ—£,1729,
772,2024-07-16 16:30:20+00:00,1576726319,30 ğŸ”¤ ğŸ”¤ ğŸ”¤ â³ Exchange : Poloniex_CEX Pair : usdt Target minimum 900 % to 1500 % âš  ï¸ ğŸ”” Turn on notifications at the channel for not missing the important info about the PUMP . ğŸ—£,1723,
769,2024-07-16 14:00:05+00:00,1576726319,3 ğŸ”¤ ğŸ”¤ ğŸ”¤ â³ Exchange : Poloniex_CEX Pair : usdt Target minimum 900 % to 1500 % âš  ï¸ ğŸ”” Turn on notifications at the channel for not missing the important info about the PUMP . ğŸ—£,3020,
768,2024-07-16 11:00:02+00:00,1576726319,6 ğŸ”¤ ğŸ”¤ ğŸ”¤ â³ Exchange : Poloniex_CEX Pair : usdt Target minimum 900 % to 1500 % âš  ï¸ ğŸ”” Turn on notifications at the channel for not missing the important info about the PUMP . ğŸ—£,1947,
766,2024-07-15 17:00:13+00:00,1576726319,24 ğŸ”¤ ğŸ”¤ ğŸ”¤ â³ Exchange : Poloniex_CEX Pair : usdt Target minimum 900 % to 1500 % âš  ï¸ ğŸ”” Turn on notifications at the channel for not missing the important info about the PUMP . ğŸ—£,2326,
763,2024-07-14 16:39:01+00:00,1576726319,â³ PUMP ANNOUNCEMENT â³ ğŸ“… DATE : Tuesday 16 July 2024 â° TIME : 17 pm GMT ğŸ“ˆ Exchange : Poloniex_CEX ğŸª™ PAIR : USDT ğŸ’° Exp Growth : 900 % + Any questions @USER,1767,
762,2024-07-13 17:47:05+00:00,1576726319,Congratulations from 0.00004 to 0.00027,2186,
761,2024-07-13 17:00:06+00:00,1576726319,Coin name : â¡ ï¸ LPU â¬… ï¸ ğŸ”¥ ğŸ”¥ ğŸ”¥,2477,
760,2024-07-13 16:55:22+00:00,1576726319,5 . ğŸ”¤ ğŸ”¤ ğŸ”¤ âš  ï¸,1893,
759,2024-07-13 16:45:36+00:00,1576726319,15 . ğŸ”¤ ğŸ”¤ ğŸ”¤ âš  ï¸,1899,
758,2024-07-13 16:30:11+00:00,1576726319,30 ğŸ”¤ ğŸ”¤ ğŸ”¤ ğŸ—£,2783,
756,2024-07-13 15:00:04+00:00,1576726319,ğŸ“ˆ Exchange : mexc_CEX ğŸ’¬ ğŸª™ PAIR : USDT ğŸ”” Turn on notifications at the channel for not missing the important info about the PUMP . ğŸ—£ 2 ğŸ”¤ ğŸ”¤ ğŸ”¤ Keep ready,2224,
755,2024-07-13 14:02:33+00:00,1576726319,ğŸ“ˆ Exchange : mexc_CEX ğŸ’¬ ğŸª™ PAIR : USDT ğŸ”” Turn on notifications at the channel for not missing the important info about the PUMP . ğŸ—£ 3 ğŸ”¤ ğŸ”¤ ğŸ”¤ Keep ready,2319,
753,2024-07-13 11:01:02+00:00,1576726319,6 hours ğŸ”¥ ğŸš€ â€¼ ï¸UNTIL THE PUMP ON mexc_CEX â•,1897,
751,2024-07-13 00:01:06+00:00,1576726319,17 ğŸ”¤ ğŸ”¤ ğŸ”¤ ğŸ”” Turn on notifications at the channel for not missing the important info about the PUMP . ğŸ—£,1652,
750,2024-07-12 17:00:02+00:00,1576726319,24 ğŸ”¤ ğŸ”¤ ğŸ”¤ ğŸ’¬ ğŸ‘¨â€ğŸ’» Exchange : mexc_CEX Pair : usdt Target 800 % to 1500 % âš  ï¸,1872,
749,2024-07-12 00:05:26+00:00,1576726319,ğŸ’¬ PUMP ANNOUNCEMENT ğŸ’¬ ğŸ“… DATE : saturday 13 July 2024 â° TIME : 17 pm GMT ğŸ“ˆ Exchange : mexc_CEX ğŸª™ PAIR : USDT ğŸ’° Exp Growth : 800 % + Last pump 400 % ğŸ”” Turn on notifications at the channel for not missing the important info about the PUMP . ğŸ—£,1650,
748,2024-07-11 18:25:04+00:00,1576726319,Congratulations ğŸ‰ ğŸ‰,2079,
747,2024-07-11 17:00:02+00:00,1576726319,Coin name : â¡ ï¸ voxel â¬… ï¸ ğŸ”¥ ğŸ”¥ ğŸ”¥,2025,
746,2024-07-11 16:55:13+00:00,1576726319,5 . ğŸ”¤ ğŸ”¤ ğŸ”¤ âš  ï¸,1524,
745,2024-07-11 16:45:22+00:00,1576726319,15 . ğŸ”¤ ğŸ”¤ ğŸ”¤ âš  ï¸,1465,
744,2024-07-11 16:30:17+00:00,1576726319,30 ğŸ”¤ ğŸ”¤ ğŸ”¤,1681,
743,2024-07-11 16:00:06+00:00,1576726319,1 ğŸ”¤ ğŸ”¤ ğŸ”¤ ğŸ‘¨â€ğŸ’» Exchange : Poloniex_CEX Pair : usdt Target minimum 700 % to 1500 % âš  ï¸,1731,
741,2024-07-11 15:00:06+00:00,1576726319,2 ğŸ”¤ ğŸ”¤ ğŸ”¤ ğŸ‘¨â€ğŸ’» Exchange : Poloniex_CEX Pair : usdt Target minimum 700 % to 1500 % âš  ï¸,1716,
738,2024-07-11 13:01:13+00:00,1576726319,4 ğŸ”¤ ğŸ”¤ ğŸ”¤ ğŸ¿ Exchange : Poloniex_CEX Pair : usdt Target minimum 700 % to 1500 % âš  ï¸,2082,
736,2024-07-11 10:00:05+00:00,1576726319,7 ğŸ”¤ ğŸ”¤ ğŸ”¤ ğŸ¿ Exchange : Poloniex_CEX Pair : usdt Target minimum 700 %,2089,
733,2024-07-10 17:00:01+00:00,1576726319,24 ğŸ”¤ ğŸ”¤ ğŸ”¤ Exchange : Poloniex_CEX Pair : usdt Target minimum 700 %,1918,
727,2024-07-09 17:00:26+00:00,1576726319,"2 ğŸ”¤ ğŸ”¤ ğŸ”¤ ğŸ”¥ ğŸš€ â€¼ ï¸UNTIL THE PUMP ON polonex â• ğŸ“š HOW TO BUY ON POLONIEX_CEX ğŸ“š When you add a new "" Buy Order "" - click on "" limit "" and change it to "" market "" price section ( Number 1 ) , to set your buying price . This ensures you are buying at market price , so your order is more likely to go through . Then set your buying amount ( Number 2 ) and click on "" Buy "" ( Number 3 ) ğŸ“š HOW TO SELL ON POLONIEX_CEX ğŸ“š When you add a new "" Sell Order "" - click on "" market "" and change it to "" limit "" ( Number 1 ) , then click the top LEFT price section , circled in white , to set your selling price ( Number 2 ) . This ensures you are selling above market price and gain profits . Then click on "" Sell "" ( Number 3 ) .",1921,
726,2024-07-09 12:35:13+00:00,1576726319,â€¼ ï¸ PUMP ANNOUNCEMENT â€¼ ï¸ ğŸ“… DATE : Thursday 11 July 2024 â° TIME : 17 pm GMT ğŸ“ˆ Exchange : Poloniex_CEX ğŸª™ PAIR : USDT ğŸ’° Exp Growth : 700 % +,1574,
721,2024-07-08 17:19:55+00:00,1576726319,"Congratulations ğŸ‰ ğŸ‰ 4x ğŸ‘ âœ… ï¸ OFFICIAL PUMP RESULTS âœ… ï¸ Coin : CLV START PRICE : 0.04 usdt HIGH PRICE : 0.1198 usdt ~ 400 % ğŸ”¥ Today we pumped the coin CLV and absolutely smashed our target again , shooting the coin to the moon . That was a truly beautiful pump ğŸ˜",2581,
720,2024-07-08 16:59:51+00:00,1576726319,Coin name : â¡ ï¸ CLV â¬… ï¸ ğŸ”¥ ğŸ”¥ ğŸ”¥,2215,
719,2024-07-08 16:55:02+00:00,1576726319,5 . ğŸ”¤ ğŸ”¤ ğŸ”¤ âš  ï¸,1980,
718,2024-07-08 16:50:08+00:00,1576726319,10 . ğŸ”¤ ğŸ”¤ ğŸ”¤ âš  ï¸,2028,
717,2024-07-08 16:31:00+00:00,1576726319,30 . ğŸ”¤ ğŸ”¤ ğŸ”¤ âš  ï¸,2058,
716,2024-07-08 15:59:58+00:00,1576726319,1 ğŸ”¤ ğŸ”¤ ğŸ”¤ ğŸ”¥ ğŸš€,1538,
715,2024-07-08 15:01:14+00:00,1576726319,2 ğŸ”¤ ğŸ”¤ ğŸ”¤ ğŸ”¥ ğŸš€,1874,
712,2024-07-08 13:00:02+00:00,1576726319,4 ğŸ”¤ ğŸ”¤ ğŸ”¤ ğŸ”¥ ğŸš€ â€¼ ï¸UNTIL THE PUMP ON polonex â•,1849,
711,2024-07-08 10:59:06+00:00,1576726319,6 ğŸ”¤ ğŸ”¤ ğŸ”¤ ğŸ”¥ ğŸš€ â€¼ ï¸UNTIL THE PUMP ON polonex â•,1593,
709,2024-07-07 21:27:46+00:00,1576726319,â€¼ ï¸ PUMP ANNOUNCEMENT â€¼ ï¸ Here's the details : ğŸ“… DATE : Monday 8 July 2024 â° TIME : 17 pm GMT ğŸ“ˆ Exchange : Poloniex_CEX ğŸª™ PAIR : USDT ğŸ’° Exp Growth : 600 % + We're BACK this Thursday it's going to be a HUGE pump on the poloniex_CEX exchange .,1683,
704,2024-07-07 17:38:46+00:00,1576726319,Congratulations ğŸ‰ ğŸ‰ ğŸ‘,3119,
702,2024-07-07 17:00:01+00:00,1576726319,Coin name : â¡ ï¸ wtr â¬… ï¸ ğŸ”¥ ğŸ”¥ ğŸ”¥,2987,
701,2024-07-07 16:59:03+00:00,1576726319,1 ğŸ”¤ ğŸ”¤ ğŸ”¤ ğŸ¤‘,2885,
700,2024-07-07 16:55:07+00:00,1576726319,5 ğŸ”¤ ğŸ”¤ ğŸ”¤,2995,
699,2024-07-07 16:50:02+00:00,1576726319,10 . ğŸ”¤ ğŸ”¤ ğŸ”¤ âš  ï¸,5600,
698,2024-07-07 16:30:01+00:00,1576726319,30 . ğŸ”¤ ğŸ”¤ ğŸ”¤ âš  ï¸,5754,
697,2024-07-07 16:01:12+00:00,1576726319,1 ğŸ”¤ ğŸ”¤ ğŸ”¤,6358,
696,2024-07-07 15:00:17+00:00,1576726319,2 ğŸ”¤ ğŸ”¤ ğŸ”¤ ğŸ”¥ ğŸš€,4106,
694,2024-07-07 14:02:47+00:00,1576726319,3 ğŸ”¤ ğŸ”¤ ğŸ”¤ ğŸ”¥ ğŸš€ â€¼ ï¸UNTIL THE PUMP ON MEXC_CEX â• Remember - today's pump is on the Mexc_CEX exchange . You MUST sign up to Mexc_CEX and have USDT ready in your â€œ spot â€ wallet to join in today's profit making event . Get ready to make profit very soon .,4630,
692,2024-07-07 11:00:04+00:00,1576726319,6 ğŸ”¤ ğŸ”¤ ğŸ”¤ ğŸ”¥ ğŸš€ â€¼ ï¸UNTIL THE PUMP ON MEXC_CEX â•,4971,
685,2024-07-06 16:59:47+00:00,1576726319,1 ğŸ”¤ ğŸ”¤ ğŸ”¤ . ğŸ”¥ ğŸ”¥ ğŸš€ ğŸš€,7091,
678,2024-07-05 18:45:22+00:00,1576726319,ğŸ’° New Pump Announcement ğŸ’° ğŸ“Š Exchange : mexc_CEX ğŸ“¢ ğŸ“† Date : 7/7 / 2024 Sunday ğŸ”¥ ğŸ•° Time : 17:00 pm GMT ğŸ¬ ğŸ’µ The coin will be against USDT ğŸ”¥ ğŸ¯ Target : 1000 % to 2000 % ğŸ¬ You can register to the stock market here . Www.mexc Turn on notifications at the channel for not missing the important info about the PUMP ğŸ“± Remember all our pumps are paired with USDT . So you need USDT ready in your Mexc_CEX account to buy our coin âœ… ï¸Any questions âœ… ï¸ ğŸ‘‰ @USER,7278,
677,2024-07-05 17:38:49+00:00,1576726319,Congratulations 10x ğŸ¬ take profit â•,7116,
674,2024-07-05 17:00:05+00:00,1576726319,Coin name : â¡ ï¸ MBLK â¬… ï¸ ğŸ”¥ ğŸ”¥ ğŸ”¥,7067,
673,2024-07-05 16:59:07+00:00,1576726319,1 . ğŸ”¤ ğŸ”¤ ğŸ”¤ ğŸ¤‘,7106,
672,2024-07-05 16:55:30+00:00,1576726319,5 ğŸ”¤ ğŸ”¤ ğŸ”¤,7162,
671,2024-07-05 16:50:22+00:00,1576726319,10 . ğŸ”¤ ğŸ”¤ ğŸ”¤,7178,
669,2024-07-05 16:40:21+00:00,1576726319,20 ğŸ”¤ ğŸ”¤ ğŸ”¤,7202,
668,2024-07-05 16:30:18+00:00,1576726319,30 ğŸ”¤ ğŸ”¤ ğŸ”¤,7202,
667,2024-07-05 16:00:31+00:00,1576726319,1 ğŸ”¤ ğŸ”¤ ğŸ”¤,7205,
666,2024-07-05 15:00:04+00:00,1576726319,2 ğŸ”¤ ğŸ”¤ ğŸ”¤,2314,
659,2024-07-04 17:00:01+00:00,1576726319,1 ğŸ”¤ ğŸ”¤ ğŸ”¤,1832,
654,2024-07-03 17:00:46+00:00,1576726319,2 ğŸ”¤ ğŸ”¤ ğŸ”¤,2092,
640,2024-06-28 21:53:31+00:00,1576726319,ğŸ’° New Pump Announcement ğŸ’° ğŸ“Š Exchange : mexc_CEX ğŸ“¢ ğŸ“† Date : 5/7 / 2024 Friday ğŸ”¥ ğŸ•° Time : 17:00 pm GMT ğŸ¬ ğŸ’µ The coin will be against USDT ğŸ”¥ ğŸ¯ Target : 1000 % to 2000 % ğŸ¬ You can register to the stock market here . Www.mexc Turn on notifications at the channel for not missing the important info about the PUMP ğŸ“± Any questions ğŸ‘‰ @USER,2924,
638,2024-06-28 17:34:49+00:00,1576726319,Congratulations take profit 3.5 x ğŸ’¯ ğŸ‰ ğŸ‰ ğŸ‰ ğŸ”¥ ğŸ”¥,2527,
637,2024-06-28 16:59:43+00:00,1576726319,Coin name : â¡ ï¸ handy â¬… ï¸ ğŸ”¥ ğŸ”¥ ğŸ”¥,2296,
636,2024-06-28 16:59:05+00:00,1576726319,1 ğŸ”¤ ğŸ”¤ ğŸ”¤,2338,
635,2024-06-28 16:55:22+00:00,1576726319,5 ğŸ”¤ ğŸ”¤ ğŸ”¤,2372,
634,2024-06-28 16:50:21+00:00,1576726319,1 ğŸ”¤ ğŸ”¤ ğŸ”¤,2400,
633,2024-06-28 16:45:03+00:00,1576726319,15 ğŸ”¤ ğŸ”¤ ğŸ”¤,2915,
632,2024-06-28 16:30:03+00:00,1576726319,30 ğŸ”¤ ğŸ”¤ ğŸ”¤,2921,
631,2024-06-28 16:01:08+00:00,1576726319,1 ğŸ”¤ ğŸ”¤ ğŸ”¤,2918,
630,2024-06-28 15:00:07+00:00,1576726319,2 ğŸ”¤ ğŸ”¤ ğŸ”¤,2917,
629,2024-06-28 14:00:29+00:00,1576726319,3 ğŸ”¤ ğŸ”¤ ğŸ”¤,2885,
628,2024-06-28 07:00:08+00:00,1576726319,10 ğŸ”¤ ğŸ”¤ ğŸ”¤ Target 1000 % to 2000 % Exchange / mexc_CEX ğŸ’ Turn on notifications at the channel for not missing the important info about the PUMP ğŸ“±,2943,
626,2024-06-28 01:26:35+00:00,1576726319,"ğŸ“š HOW TO BUY ğŸ“š When you add a new "" Buy Order "" - click on "" limit "" and change it to "" market "" price section ( Number 1 ) , to set your buying price . This ensures you are buying at market price , so your order is more likely to go through . Then set your buying amount ( Number 2 ) and click on "" Buy "" ( Number 3 ) ğŸ“š HOW TO SELL ğŸ“š When you add a new "" Sell Order "" - click on "" market "" and change it to "" limit "" ( Number 1 ) , then click the top LEFT price section , circled in white , to set your selling price ( Number 2 ) . This ensures you are selling above market price and gain profits . Then click on "" Sell "" ( Number 3 ) .",2348,
624,2024-06-27 17:00:16+00:00,1576726319,24 ğŸ”¤ ğŸ”¤ ğŸ”¤,2046,
622,2024-06-26 17:00:07+00:00,1576726319,2 ğŸ”¤ ğŸ”¤ ğŸ”¤ 28/6 / 2024 ğŸ“¢ Target 1000 % to 2000 % Time 17 pm gmt Friday ğŸ”” Exchange / mexc_CEX ğŸ’ Turn on notifications at the channel for not missing the important info about the PUMP ğŸ“± Any questions â‰ ï¸ @USER,2619,
614,2024-06-23 19:32:40+00:00,1576726319,ğŸ’° New Pump Announcement ğŸ’° ğŸ“Š Exchange : mexc_CEX ğŸ“¢ ğŸ“† Date : 28/6 / 2024 Friday ğŸ”¥ ğŸ•° Time : 17:00 pm GMT ğŸ¬ ğŸ’µ The coin will be against USDT ğŸ”¥ ğŸ¯ Target : 1000 % to 2000 % ğŸ¬ You can register to the stock market here . Www.mexc Turn on notifications at the channel for not missing the important info about the PUMP ğŸ“±,2479,
613,2024-06-23 18:50:07+00:00,1576726319,ğŸ† congratulations take profit ğŸ˜‰,2252,
610,2024-06-23 17:00:28+00:00,1576726319,Coin name : â¡ ï¸ catss â¬… ï¸ ğŸ”¥ ğŸ”¥ ğŸ”¥,2236,
609,2024-06-23 16:55:20+00:00,1576726319,5 ğŸ”¤ ğŸ”¤ ğŸ”¤,2216,
608,2024-06-23 16:51:51+00:00,1576726319,1 ğŸ”¤ ğŸ”¤ ğŸ”¤,2116,
607,2024-06-23 16:45:28+00:00,1576726319,15 ğŸ”¤ ğŸ”¤ ğŸ”¤,2124,
606,2024-06-23 16:30:04+00:00,1576726319,30 ğŸ”¤ ğŸ”¤ ğŸ”¤,2171,
605,2024-06-23 16:00:02+00:00,1576726319,1 ğŸ”¤ ğŸ”¤ ğŸ”¤,2229,
604,2024-06-23 15:00:04+00:00,1576726319,2 ğŸ”¤ ğŸ”¤ ğŸ”¤,2197,
603,2024-06-23 13:00:02+00:00,1576726319,4 ğŸ”¤ ğŸ”¤ ğŸ”¤,2190,
602,2024-06-23 09:00:03+00:00,1576726319,8 ğŸ”¤ ğŸ”¤ ğŸ”¤,2221,
601,2024-06-22 17:00:12+00:00,1576726319,24 ğŸ”¤ ğŸ”¤ ğŸ”¤ 23/6 / 2024 ğŸ“¢ Target 1000 % to 2000 % Time 17 pm gmt sunday Exchange / mexc_CEX ğŸ’ Turn on notifications at the channel for not missing the important info about the PUMP ğŸ“±,2314,
600,2024-06-21 22:11:27+00:00,1576726319,ğŸ’° New Pump Announcement ğŸ’° ğŸ“Š Exchange : mexc_CEX ğŸ“¢ ğŸ“† Date : 23 june sunday ğŸ”¥ ğŸ•° Time : 17:00 pm GMT ğŸ¬ ğŸ’µ The coin will be against USDT ğŸ”¥ ğŸ¯ Target : 1000 % to 2000 % ğŸ¬ You can register to the stock market here . Www.mexc Turn on notifications at the channel for not missing the important info about the PUMP ğŸ“±,2033,
597,2024-06-21 21:26:14+00:00,1576726319,Now take profit ğŸ”¥,1839,
592,2024-06-21 17:00:05+00:00,1576726319,Coin name : â¡ ï¸ wta â¬… ï¸ ğŸ”¥ ğŸ”¥ ğŸ”¥,1768,
591,2024-06-21 16:59:13+00:00,1576726319,1 ğŸ”¤ ğŸ”¤ ğŸ”¤ ready every one target to 2000 %,1827,
590,2024-06-21 16:55:14+00:00,1576726319,5 ğŸ”¤ ğŸ”¤ ğŸ”¤,1914,
589,2024-06-21 16:45:02+00:00,1576726319,15 ğŸ”¤ ğŸ”¤ ğŸ”¤,1943,
588,2024-06-21 16:30:08+00:00,1576726319,30 ğŸ”¤ ğŸ”¤ ğŸ”¤,1989,
587,2024-06-21 16:15:08+00:00,1576726319,45 ğŸ”¤ ğŸ”¤ ğŸ”¤,1960,
586,2024-06-21 15:00:02+00:00,1576726319,2 ğŸ”¤ ğŸ”¤ ğŸ”¤,1966,
585,2024-06-21 13:00:14+00:00,1576726319,4 ğŸ”¤ ğŸ”¤ ğŸ”¤,1968,
584,2024-06-21 09:00:04+00:00,1576726319,8 ğŸ”¤ ğŸ”¤ ğŸ”¤,1936,
583,2024-06-21 01:00:41+00:00,1576726319,16 ğŸ”¤ ğŸ”¤ ğŸ”¤,1918,
581,2024-06-20 17:00:05+00:00,1576726319,24 ğŸ”¤ ğŸ”¤ ğŸ”¤ 21/6 / 2024 ğŸ“¢ Target 1000 % to 2000 % Time 17 pm gmt Friday Exchange / mexc_CEX ğŸ’ Turn on notifications at the channel for not missing the important info about the PUMP ğŸ“±,1982,
579,2024-06-19 17:00:02+00:00,1576726319,2 ğŸ”¤ ğŸ”¤ ğŸ”¤ 21/6 / 2024 ğŸ“¢ Target 1000 % to 2000 % Time 17 pm gmt Friday Exchange / mexc_CEX ğŸ’ Turn on notifications at the channel for not missing the important info about the PUMP ğŸ“±,1847,
577,2024-06-18 17:00:29+00:00,1576726319,3 ğŸ”¤ ğŸ”¤ ğŸ”¤ 21/6 / 2024 ğŸ“¢ Target 1000 % to 2000 % Time 17 pm gmt Friday Exchange / mexc_CEX ğŸ’ Turn on notifications at the channel for not missing the important info about the PUMP ğŸ“±,1853,
575,2024-06-17 17:00:19+00:00,1576726319,4 ğŸ”¤ ğŸ”¤ ğŸ”¤ 21/6 / 2024 ğŸ“¢ Target 1000 % to 2000 % Time 17 pm gmt Friday Exchange / mexc_CEX ğŸ’ Turn on notifications at the channel for not missing the important info about the PUMP ğŸ“±,1642,
572,2024-06-15 15:18:20+00:00,1576726319,ğŸ’° New Pump Announcement ğŸ’° ğŸ“Š Exchange : mexc_CEX ğŸ“¢ ğŸ“† Date : 21 june friday ğŸ”¥ ğŸ•° Time : 17:00 pm GMT ğŸ¬ ğŸ’µ The coin will be against USDT ğŸ”¥ ğŸ¯ Target : 1000 % to 2000 % ğŸ¬ You can register to the stock market here . Www.mexc Turn on notifications at the channel for not missing the important info about the PUMP ğŸ“±,2672,
569,2024-06-14 18:18:02+00:00,1576726319,4800 % sell now take profit ğŸ¬ Don't buy the pump complet ğŸ˜‰,1872,
563,2024-06-14 16:59:47+00:00,1576726319,Coin name : â¡ ï¸ acd â¬… ï¸ ğŸ”¥ ğŸ”¥ ğŸ”¥,1757,
561,2024-06-14 16:54:02+00:00,1576726319,5 ğŸ”¤ ğŸ”¤ ğŸ”¤,1817,
554,2024-06-14 16:00:03+00:00,1576726319,1 ğŸ”¤ ğŸ”¤ ğŸ”¤ remaining until our pump ğŸ”¥ on Mexc_CEX ğŸš€ target 800 % to 1000 % ğŸ“¢ Time : 17 pm GMT,1897,
551,2024-06-14 13:00:10+00:00,1576726319,4 ğŸ”¤ ğŸ”¤ ğŸ”¤ remaining until our pump ğŸ”¥ on Mexc_CEX ğŸš€ target 800 % to 1000 % ğŸ“¢ Time : 17 pm GMT,2586,
549,2024-06-13 16:59:09+00:00,1576726319,1 day remaining until our pump ğŸ”¥ on Mexc_CEX ğŸš€ target 800 % to 1000 % ğŸ“¢ Friday 14/6 / 2024 ğŸ“¢ Time 17 pm gmt âœ… ï¸ ğŸ¤Œ ğŸ¤Œ ğŸ¤Œ,2426,
547,2024-06-12 17:06:10+00:00,1576726319,2 days remaining until our pump ğŸ”¥ on Mexc_CEX ğŸš€ target 800 % to 1000 % ğŸ“¢ Friday 14/6 / 2024 ğŸ“¢ Time 17 pm gmt âœ… ï¸ ğŸ¤Œ ğŸ¤Œ ğŸ¤Œ,1829,
545,2024-06-11 17:00:10+00:00,1576726319,3 days remaining until our pump ğŸ”¥ on Mexc_CEX ğŸš€ target 800 % to 1000 % ğŸ“¢ Friday 14/6 / 2024 ğŸ“¢ Time 17 pm gmt âœ… ï¸ ğŸ¤Œ ğŸ¤Œ ğŸ¤Œ,1666,
542,2024-06-10 17:00:10+00:00,1576726319,4 days remaining until our pump ğŸ”¥ on Mexc_CEX ğŸš€ target 800 % to 1000 % ğŸ“¢ Friday 14/6 / 2024 ğŸ“¢ Time 17 pm gmt âœ… ï¸ ğŸ¤Œ ğŸ¤Œ ğŸ¤Œ,1889,
538,2024-06-09 20:22:59+00:00,1576726319,ğŸ”” New Pump Announcement ğŸ”” ğŸ“Š Platform : mexc_CEX ğŸ“¢ ğŸ“† Date : 14/6 / 2024 june friday ğŸ”¥ ğŸ•° Time : 17:00 pm GMT ğŸ¬ ğŸ’µ The coin will be against USDT ğŸ”¥ ğŸ¯ Target : 800 % to 1000 % ğŸ¬ You can register to the stock market here . mexc_CEX Ask me for any questions @USER,2037,
536,2024-06-09 17:13:44+00:00,1576726319,Take profit ğŸ‘,2095,
534,2024-06-09 16:59:44+00:00,1576726319,Coin name : â¡ ï¸ ggx â¬… ï¸ ğŸ”¥ ğŸ”¥ ğŸ”¥,1908,
532,2024-06-09 16:55:04+00:00,1576726319,5 ğŸ”¤ ğŸ”¤ ğŸ”¤,1950,
531,2024-06-09 16:50:47+00:00,1576726319,10 ğŸ”¤ ğŸ”¤ ğŸ”¤,1782,
529,2024-06-09 16:30:04+00:00,1576726319,30 ğŸ”¤ ğŸ”¤ ğŸ”¤,1709,
528,2024-06-09 16:00:32+00:00,1576726319,1 ğŸ”¤ ğŸ”¤ ğŸ”¤,1750,
526,2024-06-09 15:00:15+00:00,1576726319,2 ğŸ”¤ ğŸ”¤ ğŸ”¤,2000,
524,2024-06-09 12:00:07+00:00,1576726319,âš  ï¸5 ğŸ”¤ ğŸ”¤ ğŸ”¤,2038,
523,2024-06-09 03:01:17+00:00,1576726319,âš  ï¸ 14 ğŸ”¤ ğŸ”¤ ğŸ”¤ remaining until our pump ğŸ”¥ on Mexc_CEX ğŸš€ target 800 % to 1000 % ğŸ“¢ 9/6 / 2024 Sunday ğŸ”¥ Time : 17 pm GMT âœ” ï¸,2051,
516,2024-06-08 17:01:33+00:00,1576726319,âš  ï¸24 ğŸ”¤ ğŸ”¤ ğŸ”¤ remaining until our pump ğŸ”¥ on Mexc_CEX ğŸš€ target 800 % to 1000 % ğŸ“¢ 9/6 / 2024 Sunday ğŸ”¥ Time : 17 pm GMT âœ” ï¸,2206,
512,2024-06-07 18:43:04+00:00,1576726319,ğŸ”” New Pump Announcement ğŸ”” ğŸ“Š Platform : mexc_CEX ğŸ“¢ ğŸ“† Date : 9/6 / 2024 june Sunday ğŸ”¥ ğŸ•° Time : 17:00 pm GMT ğŸ¬ ğŸ’µ The coin will be against USDT ğŸ”¥ ğŸ¯ Target : 800 % to 1000 % ğŸ¬ You can register to the stock market here . mexc_CEX,2922,
487,2024-06-05 10:53:16+00:00,1576726319,Activate the notifications button so that you receive the pump first ğŸ‘€,3399,
474,2024-06-02 17:31:46+00:00,1576726319,Take profit ğŸ”¥ ğŸ”¥ ğŸ”¥,2906,
473,2024-06-02 16:59:47+00:00,1576726319,Coin name : â¡ ï¸ Tokki â¬… ï¸ ğŸ”¥ ğŸ”¥ ğŸ”¥,2410,
472,2024-06-02 16:55:42+00:00,1576726319,5 minute ğŸ”¥ ğŸ”¥ ğŸ”¥,2071,
470,2024-06-02 16:45:02+00:00,1576726319,15 minutes Left â³ target today 700 % to 1000 % ğŸ”¥ ğŸ”¥ ğŸ”¥,1954,
468,2024-06-02 16:30:22+00:00,1576726319,30 minutes Left â³ target today 700 % to 1000 % ğŸ”¥ ğŸ”¥ ğŸ”¥,2453,
466,2024-06-02 16:00:04+00:00,1576726319,1 Hour Left â³ target today 700 % to 1000 % ğŸ”¥ ğŸ”¥ ğŸ”¥,2872,
464,2024-06-02 15:00:02+00:00,1576726319,2 Hour Left â³ target today 700 % to 1000 % ğŸ”¥ ğŸ”¥ ğŸ”¥,2523,
462,2024-06-02 14:00:02+00:00,1576726319,3 Hour Left â³ target today 700 % to 1000 % ğŸ”¥ ğŸ”¥ ğŸ”¥,2906,
460,2024-06-02 12:00:02+00:00,1576726319,5 Hour Left â³ target today 700 % to 1000 % ğŸ”¥ ğŸ”¥ ğŸ”¥,2344,
457,2024-06-02 08:12:12+00:00,1576726319,9 Hour Left â³ target today 700 % to 1000 % ğŸ”¥ ğŸ”¥ ğŸ”¥,2259,
456,2024-06-02 02:00:02+00:00,1576726319,15 Hours Left â³ target today 700 % to 1000 % ğŸ”¥ ğŸ”¥ ğŸ”¥,2475,
454,2024-06-01 23:00:06+00:00,1576726319,ğŸ¬ 18 hours ğŸ•§ remaining until our pump ğŸ”¥ on Mexc_CEX ğŸš€ target 700 % to 1000 % ğŸ“¢ ğŸ•° ï¸ Time : 17 pm gmt ğŸ”¥ ğŸ”¥ ğŸ”¥,2679,
452,2024-06-01 17:00:02+00:00,1576726319,ğŸ¬ 24 hours ğŸ•§ remaining until our pump ğŸ”¥ on Mexc_CEX ğŸš€ target 700 % to 1000 % ğŸ“¢ ğŸ”¥ ğŸ”¥ ğŸ”¥,2679,
448,2024-05-31 17:21:37+00:00,1576726319,ğŸ”” New Pump Announcement ğŸ”” ğŸ“Š Platform : mexc_CEX ğŸ“¢ ğŸ“† Date : 2/6 / 2024 june sunday ğŸ”¥ ğŸ•° Time : 17:00 pm GMT ğŸ¬ ğŸ’µ The coin will be against USDT ğŸ”¥ ğŸ¯ Target : 700 % to 1000 % ğŸ¬ You can register to the stock market here . mexc_CEX,3171,
446,2024-05-31 17:00:06+00:00,1576726319,Coin name : sta ğŸ”¥ ğŸ¬ ğŸ¬ ğŸ¬ ğŸ”¥ ğŸ”¥ ğŸ”¥,2346,
444,2024-05-31 16:55:16+00:00,1576726319,5 minutes Left target today 800 % to 1500 % ğŸ”¥ ğŸ”¥ ğŸ”¥,2297,
442,2024-05-31 16:50:48+00:00,1576726319,10 minutes Left target today 800 % to 1500 % ğŸ”¥ ğŸ”¥ ğŸ”¥,2352,
440,2024-05-31 16:45:20+00:00,1576726319,15 minutes Left target today 800 % to 1500 % ğŸ”¥ ğŸ”¥ ğŸ”¥,2338,
438,2024-05-31 16:40:53+00:00,1576726319,20 minutes Left target today 800 % to 1500 % ğŸ”¥ ğŸ”¥ ğŸ”¥,2353,
436,2024-05-31 16:30:05+00:00,1576726319,30 minutes Left target today 800 % to 1500 % ğŸ”¥ ğŸ”¥ ğŸ”¥,1823,
432,2024-05-31 15:00:03+00:00,1576726319,2 Hour Left target today 800 % to 1500 % ğŸ”¥ ğŸ”¥ ğŸ”¥,2424,
430,2024-05-31 14:01:32+00:00,1576726319,3 Hour Left target today 800 % to 1500 % ğŸ”¥ ğŸ”¥ ğŸ”¥,2390,
426,2024-05-31 11:57:48+00:00,1576726319,5 Hour Left target today 800 % to 1500 % ğŸ”¥ ğŸ”¥,2287,
419,2024-05-30 17:00:03+00:00,1576726319,ğŸ¬ 24 hours ğŸ•§ remaining until our pump ğŸ”¥ on Mexc_CEX ğŸš€ target 700 % to 1000 % ğŸ“¢,3981,
417,2024-05-29 17:00:08+00:00,1576726319,48 hours ğŸ•§ remaining until our pump ğŸ”¥ on Mexc_CEX ğŸš€ target 700 % to 1000 % ğŸ“¢,3674,
413,2024-05-28 17:00:03+00:00,1576726319,3 days remaining until our pump ğŸ”¥ on Mexc_CEX ğŸš€ target 700 % to 1000 % ğŸ“¢,4433,
411,2024-05-27 17:00:06+00:00,1576726319,4 days remaining until our pump ğŸ”¥ on Mexc_CEX ğŸš€ target 700 % to 1000 % ğŸ“¢,3524,
409,2024-05-26 17:00:06+00:00,1576726319,5 days remaining until our pump ğŸ”¥ on Mexc_CEX ğŸš€ target 700 % to 1000 % ğŸ“¢,4378,
407,2024-05-25 17:00:02+00:00,1576726319,6 days remaining until our pump ğŸ”¥ on Mexc_CEX ğŸš€ target 700 % to 1000 % ğŸ“¢,4108,
405,2024-05-24 17:53:22+00:00,1576726319,ğŸ”” New Pump Announcement ğŸ”” ğŸ“Š Platform : mexc_CEX ğŸ“¢ ğŸ“† Date : 31/5 / 2024 May friday ğŸ”¥ ğŸ•° Time : 17:00 pm GMT ğŸ¬ ğŸ’µ The coin will be against USDT ğŸ”¥ ğŸ¯ Target : + 700 % to 1000 % ğŸ¬ You can register to the stock market here . mexc_CEX,4854,
404,2024-05-24 17:16:34+00:00,1576726319,ğŸ”¥ ğŸ”¥ ğŸ”¥,4341,
402,2024-05-24 17:00:03+00:00,1576726319,mexc_CEX ğŸ¬ ğŸ¬ ğŸ¬ ğŸ”¥ ğŸ”¥ ğŸ”¥,4357,
400,2024-05-24 16:55:04+00:00,1576726319,ğŸ”¥ 5 minute ğŸ“¢ remaining until our pump ğŸ”¥ on Mexc_CEX ğŸš€ target 800 % ğŸ“¢,1987,
398,2024-05-24 16:50:51+00:00,1576726319,ğŸ”¥ 10 minutes ğŸ“¢ remaining until our pump ğŸ”¥ on Mexc_CEX ğŸš€ target 800 % ğŸ“¢,2005,
396,2024-05-24 16:45:01+00:00,1576726319,ğŸ”¥ 15 minutes ğŸ“¢ remaining until our pump ğŸ”¥ on Mexc_CEX ğŸš€ target 800 % ğŸ“¢,1937,
394,2024-05-24 16:30:04+00:00,1576726319,30 minutes ğŸ“¢ remaining until our pump ğŸ”¥ on Mexc_CEX ğŸš€ target 800 % ğŸ“¢,1844,
392,2024-05-24 16:00:02+00:00,1576726319,1 hour ğŸ¬ remaining until our pump ğŸ”¥ on Mexc_CEX ğŸš€ target 800 % ğŸ“¢,2371,
390,2024-05-24 14:00:04+00:00,1576726319,3 hours ğŸ¬ remaining until our pump ğŸ”¥ on Mexc_CEX ğŸš€ target 800 % ğŸ“¢,2361,
388,2024-05-24 07:00:02+00:00,1576726319,10 hours ğŸ¬ remaining until our pump ğŸ”¥ on Mexc_CEX ğŸš€ target 800 % ğŸ“¢,2453,
386,2024-05-23 22:00:05+00:00,1576726319,19 hours ğŸ¬ remaining until our pump ğŸ”¥ on Mexc_CEX ğŸš€ target 800 % ğŸ“¢,2424,
384,2024-05-23 17:00:09+00:00,1576726319,24 hours ğŸ¬ remaining until our pump ğŸ”¥ on Mexc_CEX ğŸš€ target 800 % ğŸ“¢,2557,
383,2024-05-22 17:00:03+00:00,1576726319,2 ğŸ¬ ğŸ¬ days remaining until our pump ğŸ”¥ on Mexc_CEX ğŸš€ target 800 % ğŸ“¢,2731,
381,2024-05-21 17:00:03+00:00,1576726319,3 ğŸ¬ ğŸ¬ ğŸ¬ days remaining until our pump ğŸ”¥ on Mexc_CEX ğŸš€ target 800 % ğŸ“¢,3781,
379,2024-05-20 17:00:23+00:00,1576726319,4 days remaining until our pump ğŸ”¥ on Mexc_CEX ğŸš€ target 800 % ğŸ“¢,2635,
377,2024-05-19 17:11:19+00:00,1576726319,5 days remaining until our pump ğŸ”¥ on Mexc_CEX ğŸš€ target 800 % ğŸ“¢,2654,
372,2024-05-17 23:45:13+00:00,1576726319,ğŸ”” New Pump Announcement ğŸ”” ğŸ“Š Platform : mexc_CEX ğŸ“¢ ğŸ“† Date : 24 May friday ğŸ”¥ ğŸ•° Time : 17:00 pm GMT ğŸ’µ The coin will be against USDT ğŸ¯ Target : + 800 % ğŸ¬ You can register to the stock market here . mexc_CEX,2486,
371,2024-05-17 18:52:24+00:00,1576726319,Top 2 ğŸ”¥ 850 %,1798,
366,2024-05-17 17:00:06+00:00,1576726319,EXCHANGE: mexc_CEX; TRADING PAIR: GDM-USDT. ğŸ”¥ ğŸ”¥ ğŸ”¥,4452,
363,2024-05-17 16:45:31+00:00,1576726319,15 minutes â³,2319,
361,2024-05-17 16:30:47+00:00,1576726319,30 minutes â³,2623,
359,2024-05-17 16:00:04+00:00,1576726319,60 minutes â³ remaining ğŸ”¥ until our pump ğŸ”¥ on Mexc_CEX ğŸš€ target 10x ğŸ“¢,3717,
357,2024-05-17 15:00:04+00:00,1576726319,2 hour â³ remaining ğŸ”¥ until our pump ğŸ”¥ on Mexc_CEX ğŸš€ target 10x ğŸ“¢,2904,
355,2024-05-17 12:00:39+00:00,1576726319,5 hour â³ remaining ğŸ”¥ until our pump ğŸ”¥ on Mexc_CEX ğŸš€ target 10x ğŸ“¢,2654,
353,2024-05-17 10:00:05+00:00,1576726319,7 hour â³ remaining ğŸ”¥ until our pump ğŸ”¥ on Mexc_CEX ğŸš€ target 10x ğŸ“¢,2666,
351,2024-05-16 17:00:03+00:00,1576726319,24 hour â³ remaining until our pump ğŸ”¥ on Mexc_CEX ğŸš€ target 10x ğŸ“¢,2707,
349,2024-05-15 17:00:03+00:00,1576726319,2 days remaining until our pump ğŸ”¥ on Mexc_CEX ğŸš€ target 10x ğŸ“¢,2930,
347,2024-05-14 17:00:06+00:00,1576726319,3 days remaining until our pump ğŸ”¥ on Mexc_CEX ğŸš€ target 10x ğŸ“¢,2807,
344,2024-05-12 10:41:21+00:00,1576726319,ğŸ”” New Pump Announcement ğŸ”” ğŸ“Š Platform : mexc_CEX ğŸ“¢ ğŸ“† Date : 17 May friday ğŸ”¥ ğŸ•° Time : 17:00 pm GMT ğŸ’µ The coin will be against USDT ğŸ¯ Target : + 1000 % ğŸ¬ You can register to the stock market here . mexc_CEX,10908,
341,2024-05-10 17:14:22+00:00,1576726319,ğŸ™ˆ ğŸ™ˆ ğŸ™ˆ ğŸ˜œ From 0.2 to 33 $ 165x ğŸ¬,3088,
340,2024-05-10 17:00:07+00:00,1576726319,Coin name : hades ğŸ”¥ ğŸ¬ ğŸ¬ ğŸ¬,7756,
339,2024-05-10 16:55:07+00:00,1576726319,5 minutes left ğŸ¬,4711,
337,2024-05-10 16:30:05+00:00,1576726319,30 minutes left â¬… ï¸,2548,
335,2024-05-10 16:03:07+00:00,1576726319,1 hour left â—€ ï¸ ğŸ¬,2852,
334,2024-05-10 14:00:28+00:00,1576726319,3 Hour Left â—€ ï¸ ğŸ¬,2503,
329,2024-05-10 11:00:03+00:00,1576726319,6 hour left â¬… ï¸ ğŸ ğŸ ğŸ,2256,
327,2024-05-09 17:00:36+00:00,1576726319,24 HOURS LEFT ! Date : Friday May 10th Time : 17:00 GMT ( 1pm est ) Exchange : mexc_CEX ğŸ¬,2417,
325,2024-05-08 17:22:31+00:00,1576726319,2 days ğŸ¤,1932,
324,2024-05-07 17:00:34+00:00,1576726319,3 days big pump on mexc_CEX ğŸ¤,2226,
317,2024-05-06 22:42:47+00:00,1576726319,"ğŸ› Pump Signal Announcement ! ğŸ› Date : FRIDAY May 10 , 2024 ğŸ“¢ Time : 17:00 pm GMT Exchange : mexc_CEX ğŸ¤ Advantage : Free for all With the massive success of our previous pumps ( reaching peak targets of 800-1500 % , and averaging volumes of tens of millions of $ ) , which made huge profits for all our members , with a team stronger than ever and with the market ready to explode to new all time highs , we're ready to announce our next mexc_CEX Mega Pump , which will be by all standards the strongest we've ever had ! We've been meticulously planning this pump â€¦ we've 2x our massive and global marketing campaign , which means we're going to see over 500,000 new traders ( and the biggest whales ) joining this pump . We expect it to reach a high of no less than 1,000 % . This is a minimum , as our sheer strength could take this pump to a peak of well over 1,200 % . This mexc_CEX Mega Pump will have the largest volume ever recorded ( at least twice the volume of any other previous pumps ) , this means that all our members will be guaranteed the first entries , and the biggest profits",2995,
315,2024-05-06 22:37:12+00:00,1576726319,UNKNOWN_URL: youtu,2290,
