label,message
5,"ğŸš€ AIRDROP ANNOUNCEMENT! Claim 50 PWCSY tokens now, limited to the first 1000 participants. Hurry up before it's too late!"
5,ğŸ Exclusive Airdrop! Earn 100 FREE WOP just by joining our Telegram group. Don't miss out on this easy gain!
5,ğŸ’° New Airdrop! Hold at least 10 RDRQU in your wallet to be eligible for our surprise token drop next week!
5,âš¡ï¸ Quick Airdrop Opportunity! 200 UERNZ tokens will be given to the first 500 sign-ups on our platform!
5,"ğŸ”” IBUUQW Airdrop Incoming! Secure your spot now by holding 100 USDT, rewards distributed this Friday!"
5,ğŸ”¥ QIXTMW Token ICO ANNOUNCEMENT: starts next Monday! Early participants get a 30% bonus. Don't miss your chance to get in at the ground level!
5,ğŸš€ UERNZ ICO is here! Join the revolution and get your hands on the next big thing in crypto. Limited slots available!
5,ğŸ’ Pre-sale for UERNZ ICO ANNOUNCEMENT: starts this weekend! Get your coins early before the public launch!
5,"âš¡ï¸ Invest in ABS Token ICO now! Only a limited supply available, be part of the next crypto success story!"
5,ğŸ’° BPGL ICO offering massive bonuses for early birds! The next 1000 participants get a 25% bonus!
5,ğŸš€ MLSSKJ Token IDO launching on PancakeSwap! Get your hands on the next DeFi star before the crowd joins in.
5,"ğŸ”¥ Donâ€™t miss the VDJDS IDO on Uniswap! Huge liquidity, limited supplyâ€”act fast before prices skyrocket!"
5,ğŸ’ USAUVL is launching its IDO on SushiSwap tomorrow! Join early and enjoy exclusive bonuses!
5,"âš¡ï¸ VPOJK Token IDO going live on Monday! Exclusive access to early investors, only available on DEX platforms."
5,ğŸ’° CRO IDO happening soon on PancakeSwap! Be ready to grab your share before it sells out!
5,"ğŸ¨ QIXTMW NFT Collection ANNOUNCEMENT: drops tomorrow! 500 unique pieces, first-come-first-serve. Don't miss out on this limited sale!"
5,"ğŸ”¥ XNH NFTs are now available! Each piece is one-of-a-kind, showcasing the journey to the XNH. Buy yours today!"
5,ğŸš€ DAZVNLâ€™s first-ever NFT series is launching this week! Be one of the lucky few to own a piece of crypto history!
5,ğŸ’ Exclusive VDJDS NFTs dropping this Friday! Limited edition collectibles you won't want to miss!
5,âš¡ï¸ New SAA Token NFT launch coming soon! Get early access to rare and exclusive digital art pieces.
5,ğŸ’° Stake your VDJDS tokens now and earn up to 500% APY! Donâ€™t miss out on these massive rewards for early stakers.
5,ğŸš€ SAA liquidity mining is live! Provide liquidity and earn huge rewards. Join now before the rates drop!
5,âš¡ï¸ Farm PWCSY and earn 400% APY! Limited slots available for the highest returns. Stake now and watch your assets grow.
5,ğŸ”¥ RGIR Token farming pool is open! Stake RGIR-USDT and earn high yields while supporting the network.
5,ğŸ’ CRO yield farming just launched with up to 600% APY! Stake now to maximize your returns.
5,ğŸ”’ Secure your IBUUQW tokens and earn 200% APY through our new staking ANNOUNCEMENT: program. Join today and start earning passive income!
5,"ğŸ’° Stake your PHX for 300% APY rewards! The more you stake, the more you earn. Donâ€™t miss out!"
5,âš¡ï¸ VDJDS staking is live! Earn up to 250% APY and support the network while securing your future!
5,"ğŸ”¥ ABS Token staking offers the highest returns in the market, up to 350% APY! Stake now to earn passive income."
5,ğŸš€ VDJDS staking ANNOUNCEMENT: program just launched! Lock your tokens and enjoy massive staking rewards up to 400% APY.
5,ğŸ’¥ SKJG DeFi platform just launched! Join our lending and borrowing protocols for up to 15% interest on your tokens.
5,âš¡ï¸ EAUHVV DeFi ecosystem is live! Earn rewards through our decentralized lending pool. Start borrowing today!
5,ğŸ”¥ QUS DeFi yield aggregator now live! Earn top yields from across the DeFi landscape with our unique strategies.
5,ğŸš€ QUS DeFi platform is now offering zero-fee trading for early adopters! Join the decentralized future now!
5,ğŸ’° YFC DeFi lending is live! Stake your assets and earn up to 20% annual interestâ€”risk-free!
5,ğŸ—³ï¸ Vote now with WYZA governance tokens! Help decide the future of our ecosystemâ€”proposals are open this week.
5,ğŸ”¥ CRO governance vote is live! Stake your tokens to influence the next upgrade to our DeFi protocols.
5,ğŸš€ Have a say in QUS's future! Governance votes are openâ€”make sure your tokens count in shaping the platform.
5,"âš¡ï¸ SKJG Token holders, itâ€™s time to vote! Cast your ballot on the next major protocol upgrade this week."
5,ğŸ’° YHNCZS governance is live! Your vote mattersâ€”decide on new features and staking rewards now.
5,"ğŸ¤ ZJR Token partners with AUD platform! Together, weâ€™re bringing new DeFi tools to users worldwide."
5,"ğŸ”¥ RCRBU is excited to proclaim a partnership with PRZBGQ exchange, increasing liquidity and trade volume for our users."
5,ğŸš€ VPOJK partners with top influencers to bring exclusive NFTs to our loyal community. Stay tuned for more info!
5,ğŸ’ VDJDS Token joins forces with EOZX project to enhance staking rewards for all users. More details coming soon!
5,âš¡ï¸ WYZA partnership with VDJDS DeFi protocol to introduce new yield farming pools for token holders.
5,ğŸ”” Sponsored: RGIR Token is the next big thing in DeFi! Join now and donâ€™t miss out on huge gains.
5,ğŸ”¥ Sponsored: CCUPEF offers the highest APYs in the market! Stake now to maximize your returns.
5,ğŸ’ Sponsored: MLSSKJ NFTs are the hottest trend in crypto! Get yours before they sell out!
5,âš¡ï¸ Sponsored: IBUUQW Tokenâ€™s new staking ANNOUNCEMENT: program is offering up to 400% APY! Get involved today!
5,ğŸš€ Sponsored: CCUPEF is ready to moon! Join the pump and earn massive rewards with our exclusive platform!
